Trial	Day	Infected	Susceptible	Recovered	Vaccinated
1	0	100	9900	0	0
1	1	213	9787	0	420
1	2	365	9635	0	763
1	3	555	9445	0	1034
1	4	791	9209	0	1338
1	5	971	8929	100	1662
1	6	1138	8649	213	1913
1	7	1278	8357	365	2194
1	8	1371	8074	555	2478
1	9	1392	7817	791	2677
1	10	1321	7608	1071	2862
1	11	1237	7412	1351	3037
1	12	1122	7235	1643	3208
1	13	1007	7067	1926	3315
1	14	877	6940	2183	3446
1	15	776	6832	2392	3559
1	16	673	6739	2588	3674
1	17	582	6653	2765	3776
1	18	497	6570	2933	3866
1	19	415	6525	3060	3964
1	20	353	6479	3168	4068
1	21	297	6442	3261	4136
1	22	250	6403	3347	4216
1	23	190	6380	3430	4313
1	24	162	6363	3475	4384
1	25	130	6349	3521	4445
1	26	102	6340	3558	4513
1	27	73	6330	3597	4586
1	28	52	6328	3620	4658
1	29	40	6323	3637	4717
1	30	30	6319	3651	4781
1	31	25	6315	3660	4825
1	32	18	6312	3670	4883
1	33	17	6311	3672	4913
1	34	14	6309	3677	4969
1	35	10	6309	3681	5009
1	36	7	6308	3685	5054
1	37	6	6306	3688	5102
1	38	6	6305	3689	5149
1	39	4	6305	3691	5200
1	40	4	6305	3691	5244
1	41	3	6305	3692	5285
1	42	1	6305	3694	5317
1	43	0	6305	3695	5338
2	0	100	9900	0	0
2	1	213	9787	0	420
2	2	365	9635	0	763
2	3	555	9445	0	1034
2	4	791	9209	0	1338
2	5	971	8929	100	1662
2	6	1138	8649	213	1913
2	7	1278	8357	365	2194
2	8	1371	8074	555	2478
2	9	1392	7817	791	2677
2	10	1321	7608	1071	2862
2	11	1237	7412	1351	3037
2	12	1122	7235	1643	3208
2	13	1007	7067	1926	3315
2	14	877	6940	2183	3446
2	15	776	6832	2392	3559
2	16	673	6739	2588	3674
2	17	582	6653	2765	3776
2	18	497	6570	2933	3866
2	19	415	6525	3060	3964
2	20	353	6479	3168	4068
2	21	297	6442	3261	4136
2	22	250	6403	3347	4216
2	23	190	6380	3430	4313
2	24	162	6363	3475	4384
2	25	130	6349	3521	4445
2	26	102	6340	3558	4513
2	27	73	6330	3597	4586
2	28	52	6328	3620	4658
2	29	40	6323	3637	4717
2	30	30	6319	3651	4781
2	31	25	6315	3660	4825
2	32	18	6312	3670	4883
2	33	17	6311	3672	4913
2	34	14	6309	3677	4969
2	35	10	6309	3681	5009
2	36	7	6308	3685	5054
2	37	6	6306	3688	5102
2	38	6	6305	3689	5149
2	39	4	6305	3691	5200
2	40	4	6305	3691	5244
2	41	3	6305	3692	5285
2	42	1	6305	3694	5317
2	43	0	6305	3695	5338
3	0	100	9900	0	0
3	1	213	9787	0	420
3	2	365	9635	0	763
3	3	555	9445	0	1034
3	4	791	9209	0	1338
3	5	971	8929	100	1662
3	6	1138	8649	213	1913
3	7	1278	8357	365	2194
3	8	1371	8074	555	2478
3	9	1392	7817	791	2677
3	10	1321	7608	1071	2862
3	11	1237	7412	1351	3037
3	12	1122	7235	1643	3208
3	13	1007	7067	1926	3315
3	14	877	6940	2183	3446
3	15	776	6832	2392	3559
3	16	673	6739	2588	3674
3	17	582	6653	2765	3776
3	18	497	6570	2933	3866
3	19	415	6525	3060	3964
3	20	353	6479	3168	4068
3	21	297	6442	3261	4136
3	22	250	6403	3347	4216
3	23	190	6380	3430	4313
3	24	162	6363	3475	4384
3	25	130	6349	3521	4445
3	26	102	6340	3558	4513
3	27	73	6330	3597	4586
3	28	52	6328	3620	4658
3	29	40	6323	3637	4717
3	30	30	6319	3651	4781
3	31	25	6315	3660	4825
3	32	18	6312	3670	4883
3	33	17	6311	3672	4913
3	34	14	6309	3677	4969
3	35	10	6309	3681	5009
3	36	7	6308	3685	5054
3	37	6	6306	3688	5102
3	38	6	6305	3689	5149
3	39	4	6305	3691	5200
3	40	4	6305	3691	5244
3	41	3	6305	3692	5285
3	42	1	6305	3694	5317
3	43	0	6305	3695	5338
4	0	100	9900	0	0
4	1	213	9787	0	420
4	2	365	9635	0	763
4	3	555	9445	0	1034
4	4	791	9209	0	1338
4	5	971	8929	100	1662
4	6	1138	8649	213	1913
4	7	1278	8357	365	2194
4	8	1371	8074	555	2478
4	9	1392	7817	791	2677
4	10	1321	7608	1071	2862
4	11	1237	7412	1351	3037
4	12	1122	7235	1643	3208
4	13	1007	7067	1926	3315
4	14	877	6940	2183	3446
4	15	776	6832	2392	3559
4	16	673	6739	2588	3674
4	17	582	6653	2765	3776
4	18	497	6570	2933	3866
4	19	415	6525	3060	3964
4	20	353	6479	3168	4068
4	21	297	6442	3261	4136
4	22	250	6403	3347	4216
4	23	190	6380	3430	4313
4	24	162	6363	3475	4384
4	25	130	6349	3521	4445
4	26	102	6340	3558	4513
4	27	73	6330	3597	4586
4	28	52	6328	3620	4658
4	29	40	6323	3637	4717
4	30	30	6319	3651	4781
4	31	25	6315	3660	4825
4	32	18	6312	3670	4883
4	33	17	6311	3672	4913
4	34	14	6309	3677	4969
4	35	10	6309	3681	5009
4	36	7	6308	3685	5054
4	37	6	6306	3688	5102
4	38	6	6305	3689	5149
4	39	4	6305	3691	5200
4	40	4	6305	3691	5244
4	41	3	6305	3692	5285
4	42	1	6305	3694	5317
4	43	0	6305	3695	5338
5	0	100	9900	0	0
5	1	213	9787	0	420
5	2	365	9635	0	763
5	3	555	9445	0	1034
5	4	791	9209	0	1338
5	5	971	8929	100	1662
5	6	1138	8649	213	1913
5	7	1278	8357	365	2194
5	8	1371	8074	555	2478
5	9	1392	7817	791	2677
5	10	1321	7608	1071	2862
5	11	1237	7412	1351	3037
5	12	1122	7235	1643	3208
5	13	1007	7067	1926	3315
5	14	877	6940	2183	3446
5	15	776	6832	2392	3559
5	16	673	6739	2588	3674
5	17	582	6653	2765	3776
5	18	497	6570	2933	3866
5	19	415	6525	3060	3964
5	20	353	6479	3168	4068
5	21	297	6442	3261	4136
5	22	250	6403	3347	4216
5	23	190	6380	3430	4313
5	24	162	6363	3475	4384
5	25	130	6349	3521	4445
5	26	102	6340	3558	4513
5	27	73	6330	3597	4586
5	28	52	6328	3620	4658
5	29	40	6323	3637	4717
5	30	30	6319	3651	4781
5	31	25	6315	3660	4825
5	32	18	6312	3670	4883
5	33	17	6311	3672	4913
5	34	14	6309	3677	4969
5	35	10	6309	3681	5009
5	36	7	6308	3685	5054
5	37	6	6306	3688	5102
5	38	6	6305	3689	5149
5	39	4	6305	3691	5200
5	40	4	6305	3691	5244
5	41	3	6305	3692	5285
5	42	1	6305	3694	5317
5	43	0	6305	3695	5338
6	0	100	9900	0	0
6	1	192	9808	0	428
6	2	346	9654	0	785
6	3	552	9448	0	1133
6	4	780	9220	0	1497
6	5	937	8963	100	1772
6	6	1104	8704	192	2018
6	7	1256	8398	346	2284
6	8	1339	8109	552	2508
6	9	1363	7857	780	2750
6	10	1346	7617	1037	2935
6	11	1292	7412	1296	3113
6	12	1160	7238	1602	3297
6	13	1028	7081	1891	3446
6	14	916	6941	2143	3617
6	15	814	6803	2383	3734
6	16	718	6694	2588	3835
6	17	657	6581	2762	3926
6	18	577	6504	2919	4009
6	19	484	6457	3059	4111
6	20	393	6410	3197	4209
6	21	319	6375	3306	4292
6	22	243	6338	3419	4358
6	23	180	6324	3496	4431
6	24	147	6310	3543	4503
6	25	118	6292	3590	4576
6	26	94	6281	3625	4661
6	27	63	6275	3662	4713
6	28	54	6270	3676	4760
6	29	45	6265	3690	4806
6	30	32	6260	3708	4852
6	31	22	6259	3719	4901
6	32	17	6258	3725	4953
6	33	13	6257	3730	4993
6	34	10	6255	3735	5032
6	35	6	6254	3740	5066
6	36	6	6253	3741	5109
6	37	5	6253	3742	5150
6	38	4	6253	3743	5177
6	39	2	6253	3745	5217
6	40	1	6253	3746	5242
6	41	0	6253	3747	5269
7	0	100	9900	0	0
7	1	192	9808	0	428
7	2	346	9654	0	785
7	3	552	9448	0	1133
7	4	780	9220	0	1497
7	5	937	8963	100	1772
7	6	1104	8704	192	2018
7	7	1256	8398	346	2284
7	8	1339	8109	552	2508
7	9	1363	7857	780	2750
7	10	1346	7617	1037	2935
7	11	1292	7412	1296	3113
7	12	1160	7238	1602	3297
7	13	1028	7081	1891	3446
7	14	916	6941	2143	3617
7	15	814	6803	2383	3734
7	16	718	6694	2588	3835
7	17	657	6581	2762	3926
7	18	577	6504	2919	4009
7	19	484	6457	3059	4111
7	20	393	6410	3197	4209
7	21	319	6375	3306	4292
7	22	243	6338	3419	4358
7	23	180	6324	3496	4431
7	24	147	6310	3543	4503
7	25	118	6292	3590	4576
7	26	94	6281	3625	4661
7	27	63	6275	3662	4713
7	28	54	6270	3676	4760
7	29	45	6265	3690	4806
7	30	32	6260	3708	4852
7	31	22	6259	3719	4901
7	32	17	6258	3725	4953
7	33	13	6257	3730	4993
7	34	10	6255	3735	5032
7	35	6	6254	3740	5066
7	36	6	6253	3741	5109
7	37	5	6253	3742	5150
7	38	4	6253	3743	5177
7	39	2	6253	3745	5217
7	40	1	6253	3746	5242
7	41	0	6253	3747	5269
8	0	100	9900	0	0
8	1	192	9808	0	428
8	2	346	9654	0	785
8	3	552	9448	0	1133
8	4	780	9220	0	1497
8	5	937	8963	100	1772
8	6	1104	8704	192	2018
8	7	1256	8398	346	2284
8	8	1339	8109	552	2508
8	9	1363	7857	780	2750
8	10	1346	7617	1037	2935
8	11	1292	7412	1296	3113
8	12	1160	7238	1602	3297
8	13	1028	7081	1891	3446
8	14	916	6941	2143	3617
8	15	814	6803	2383	3734
8	16	718	6694	2588	3835
8	17	657	6581	2762	3926
8	18	577	6504	2919	4009
8	19	484	6457	3059	4111
8	20	393	6410	3197	4209
8	21	319	6375	3306	4292
8	22	243	6338	3419	4358
8	23	180	6324	3496	4431
8	24	147	6310	3543	4503
8	25	118	6292	3590	4576
8	26	94	6281	3625	4661
8	27	63	6275	3662	4713
8	28	54	6270	3676	4760
8	29	45	6265	3690	4806
8	30	32	6260	3708	4852
8	31	22	6259	3719	4901
8	32	17	6258	3725	4953
8	33	13	6257	3730	4993
8	34	10	6255	3735	5032
8	35	6	6254	3740	5066
8	36	6	6253	3741	5109
8	37	5	6253	3742	5150
8	38	4	6253	3743	5177
8	39	2	6253	3745	5217
8	40	1	6253	3746	5242
8	41	0	6253	3747	5269
9	0	100	9900	0	0
9	1	192	9808	0	428
9	2	346	9654	0	785
9	3	552	9448	0	1133
9	4	780	9220	0	1497
9	5	937	8963	100	1772
9	6	1104	8704	192	2018
9	7	1256	8398	346	2284
9	8	1339	8109	552	2508
9	9	1363	7857	780	2750
9	10	1346	7617	1037	2935
9	11	1292	7412	1296	3113
9	12	1160	7238	1602	3297
9	13	1028	7081	1891	3446
9	14	916	6941	2143	3617
9	15	814	6803	2383	3734
9	16	718	6694	2588	3835
9	17	657	6581	2762	3926
9	18	577	6504	2919	4009
9	19	484	6457	3059	4111
9	20	393	6410	3197	4209
9	21	319	6375	3306	4292
9	22	243	6338	3419	4358
9	23	180	6324	3496	4431
9	24	147	6310	3543	4503
9	25	118	6292	3590	4576
9	26	94	6281	3625	4661
9	27	63	6275	3662	4713
9	28	54	6270	3676	4760
9	29	45	6265	3690	4806
9	30	32	6260	3708	4852
9	31	22	6259	3719	4901
9	32	17	6258	3725	4953
9	33	13	6257	3730	4993
9	34	10	6255	3735	5032
9	35	6	6254	3740	5066
9	36	6	6253	3741	5109
9	37	5	6253	3742	5150
9	38	4	6253	3743	5177
9	39	2	6253	3745	5217
9	40	1	6253	3746	5242
9	41	0	6253	3747	5269
10	0	100	9900	0	0
10	1	192	9808	0	428
10	2	346	9654	0	785
10	3	552	9448	0	1133
10	4	780	9220	0	1497
10	5	937	8963	100	1772
10	6	1104	8704	192	2018
10	7	1256	8398	346	2284
10	8	1339	8109	552	2508
10	9	1363	7857	780	2750
10	10	1346	7617	1037	2935
10	11	1292	7412	1296	3113
10	12	1160	7238	1602	3297
10	13	1028	7081	1891	3446
10	14	916	6941	2143	3617
10	15	814	6803	2383	3734
10	16	718	6694	2588	3835
10	17	657	6581	2762	3926
10	18	577	6504	2919	4009
10	19	484	6457	3059	4111
10	20	393	6410	3197	4209
10	21	319	6375	3306	4292
10	22	243	6338	3419	4358
10	23	180	6324	3496	4431
10	24	147	6310	3543	4503
10	25	118	6292	3590	4576
10	26	94	6281	3625	4661
10	27	63	6275	3662	4713
10	28	54	6270	3676	4760
10	29	45	6265	3690	4806
10	30	32	6260	3708	4852
10	31	22	6259	3719	4901
10	32	17	6258	3725	4953
10	33	13	6257	3730	4993
10	34	10	6255	3735	5032
10	35	6	6254	3740	5066
10	36	6	6253	3741	5109
10	37	5	6253	3742	5150
10	38	4	6253	3743	5177
10	39	2	6253	3745	5217
10	40	1	6253	3746	5242
10	41	0	6253	3747	5269
11	0	100	9900	0	0
11	1	192	9808	0	428
11	2	346	9654	0	785
11	3	552	9448	0	1133
11	4	780	9220	0	1497
11	5	937	8963	100	1772
11	6	1104	8704	192	2018
11	7	1256	8398	346	2284
11	8	1339	8109	552	2508
11	9	1363	7857	780	2750
11	10	1346	7617	1037	2935
11	11	1292	7412	1296	3113
11	12	1160	7238	1602	3297
11	13	1028	7081	1891	3446
11	14	916	6941	2143	3617
11	15	814	6803	2383	3734
11	16	718	6694	2588	3835
11	17	657	6581	2762	3926
11	18	577	6504	2919	4009
11	19	484	6457	3059	4111
11	20	393	6410	3197	4209
11	21	319	6375	3306	4292
11	22	243	6338	3419	4358
11	23	180	6324	3496	4431
11	24	147	6310	3543	4503
11	25	118	6292	3590	4576
11	26	94	6281	3625	4661
11	27	63	6275	3662	4713
11	28	54	6270	3676	4760
11	29	45	6265	3690	4806
11	30	32	6260	3708	4852
11	31	22	6259	3719	4901
11	32	17	6258	3725	4953
11	33	13	6257	3730	4993
11	34	10	6255	3735	5032
11	35	6	6254	3740	5066
11	36	6	6253	3741	5109
11	37	5	6253	3742	5150
11	38	4	6253	3743	5177
11	39	2	6253	3745	5217
11	40	1	6253	3746	5242
11	41	0	6253	3747	5269
12	0	100	9900	0	0
12	1	211	9789	0	414
12	2	386	9614	0	709
12	3	604	9396	0	1092
12	4	831	9169	0	1360
12	5	992	8908	100	1698
12	6	1167	8622	211	1983
12	7	1242	8372	386	2230
12	8	1262	8134	604	2450
12	9	1278	7891	831	2685
12	10	1235	7673	1092	2879
12	11	1149	7473	1378	3032
12	12	1095	7277	1628	3190
12	13	1016	7118	1866	3303
12	14	942	6949	2109	3426
12	15	889	6784	2327	3550
12	16	806	6667	2527	3643
12	17	705	6572	2723	3746
12	18	637	6481	2882	3836
12	19	552	6397	3051	3925
12	20	427	6357	3216	3994
12	21	358	6309	3333	4064
12	22	308	6264	3428	4146
12	23	250	6231	3519	4205
12	24	188	6209	3603	4289
12	25	162	6195	3643	4343
12	26	130	6179	3691	4409
12	27	99	6165	3736	4466
12	28	70	6161	3769	4525
12	29	53	6156	3791	4563
12	30	42	6153	3805	4624
12	31	29	6150	3821	4673
12	32	18	6147	3835	4725
12	33	15	6146	3839	4780
12	34	11	6145	3844	4836
12	35	8	6145	3847	4881
12	36	5	6145	3850	4918
12	37	2	6145	3853	4959
12	38	1	6145	3854	4994
12	39	1	6144	3855	5031
12	40	2	6143	3855	5077
12	41	3	6142	3855	5120
12	42	3	6142	3855	5155
12	43	3	6142	3855	5180
12	44	3	6141	3856	5206
12	45	2	6141	3857	5237
12	46	1	6141	3858	5269
12	47	1	6141	3858	5296
12	48	1	6141	3858	5329
12	49	0	6141	3859	5358
13	0	100	9900	0	0
13	1	211	9789	0	414
13	2	386	9614	0	709
13	3	604	9396	0	1092
13	4	831	9169	0	1360
13	5	992	8908	100	1698
13	6	1167	8622	211	1983
13	7	1242	8372	386	2230
13	8	1262	8134	604	2450
13	9	1278	7891	831	2685
13	10	1235	7673	1092	2879
13	11	1149	7473	1378	3032
13	12	1095	7277	1628	3190
13	13	1016	7118	1866	3303
13	14	942	6949	2109	3426
13	15	889	6784	2327	3550
13	16	806	6667	2527	3643
13	17	705	6572	2723	3746
13	18	637	6481	2882	3836
13	19	552	6397	3051	3925
13	20	427	6357	3216	3994
13	21	358	6309	3333	4064
13	22	308	6264	3428	4146
13	23	250	6231	3519	4205
13	24	188	6209	3603	4289
13	25	162	6195	3643	4343
13	26	130	6179	3691	4409
13	27	99	6165	3736	4466
13	28	70	6161	3769	4525
13	29	53	6156	3791	4563
13	30	42	6153	3805	4624
13	31	29	6150	3821	4673
13	32	18	6147	3835	4725
13	33	15	6146	3839	4780
13	34	11	6145	3844	4836
13	35	8	6145	3847	4881
13	36	5	6145	3850	4918
13	37	2	6145	3853	4959
13	38	1	6145	3854	4994
13	39	1	6144	3855	5031
13	40	2	6143	3855	5077
13	41	3	6142	3855	5120
13	42	3	6142	3855	5155
13	43	3	6142	3855	5180
13	44	3	6141	3856	5206
13	45	2	6141	3857	5237
13	46	1	6141	3858	5269
13	47	1	6141	3858	5296
13	48	1	6141	3858	5329
13	49	0	6141	3859	5358
14	0	100	9900	0	0
14	1	211	9789	0	414
14	2	386	9614	0	709
14	3	604	9396	0	1092
14	4	831	9169	0	1360
14	5	992	8908	100	1698
14	6	1167	8622	211	1983
14	7	1242	8372	386	2230
14	8	1262	8134	604	2450
14	9	1278	7891	831	2685
14	10	1235	7673	1092	2879
14	11	1149	7473	1378	3032
14	12	1095	7277	1628	3190
14	13	1016	7118	1866	3303
14	14	942	6949	2109	3426
14	15	889	6784	2327	3550
14	16	806	6667	2527	3643
14	17	705	6572	2723	3746
14	18	637	6481	2882	3836
14	19	552	6397	3051	3925
14	20	427	6357	3216	3994
14	21	358	6309	3333	4064
14	22	308	6264	3428	4146
14	23	250	6231	3519	4205
14	24	188	6209	3603	4289
14	25	162	6195	3643	4343
14	26	130	6179	3691	4409
14	27	99	6165	3736	4466
14	28	70	6161	3769	4525
14	29	53	6156	3791	4563
14	30	42	6153	3805	4624
14	31	29	6150	3821	4673
14	32	18	6147	3835	4725
14	33	15	6146	3839	4780
14	34	11	6145	3844	4836
14	35	8	6145	3847	4881
14	36	5	6145	3850	4918
14	37	2	6145	3853	4959
14	38	1	6145	3854	4994
14	39	1	6144	3855	5031
14	40	2	6143	3855	5077
14	41	3	6142	3855	5120
14	42	3	6142	3855	5155
14	43	3	6142	3855	5180
14	44	3	6141	3856	5206
14	45	2	6141	3857	5237
14	46	1	6141	3858	5269
14	47	1	6141	3858	5296
14	48	1	6141	3858	5329
14	49	0	6141	3859	5358
15	0	100	9900	0	0
15	1	211	9789	0	414
15	2	386	9614	0	709
15	3	604	9396	0	1092
15	4	831	9169	0	1360
15	5	992	8908	100	1698
15	6	1167	8622	211	1983
15	7	1242	8372	386	2230
15	8	1262	8134	604	2450
15	9	1278	7891	831	2685
15	10	1235	7673	1092	2879
15	11	1149	7473	1378	3032
15	12	1095	7277	1628	3190
15	13	1016	7118	1866	3303
15	14	942	6949	2109	3426
15	15	889	6784	2327	3550
15	16	806	6667	2527	3643
15	17	705	6572	2723	3746
15	18	637	6481	2882	3836
15	19	552	6397	3051	3925
15	20	427	6357	3216	3994
15	21	358	6309	3333	4064
15	22	308	6264	3428	4146
15	23	250	6231	3519	4205
15	24	188	6209	3603	4289
15	25	162	6195	3643	4343
15	26	130	6179	3691	4409
15	27	99	6165	3736	4466
15	28	70	6161	3769	4525
15	29	53	6156	3791	4563
15	30	42	6153	3805	4624
15	31	29	6150	3821	4673
15	32	18	6147	3835	4725
15	33	15	6146	3839	4780
15	34	11	6145	3844	4836
15	35	8	6145	3847	4881
15	36	5	6145	3850	4918
15	37	2	6145	3853	4959
15	38	1	6145	3854	4994
15	39	1	6144	3855	5031
15	40	2	6143	3855	5077
15	41	3	6142	3855	5120
15	42	3	6142	3855	5155
15	43	3	6142	3855	5180
15	44	3	6141	3856	5206
15	45	2	6141	3857	5237
15	46	1	6141	3858	5269
15	47	1	6141	3858	5296
15	48	1	6141	3858	5329
15	49	0	6141	3859	5358
16	0	100	9900	0	0
16	1	211	9789	0	414
16	2	386	9614	0	709
16	3	604	9396	0	1092
16	4	831	9169	0	1360
16	5	992	8908	100	1698
16	6	1167	8622	211	1983
16	7	1242	8372	386	2230
16	8	1262	8134	604	2450
16	9	1278	7891	831	2685
16	10	1235	7673	1092	2879
16	11	1149	7473	1378	3032
16	12	1095	7277	1628	3190
16	13	1016	7118	1866	3303
16	14	942	6949	2109	3426
16	15	889	6784	2327	3550
16	16	806	6667	2527	3643
16	17	705	6572	2723	3746
16	18	637	6481	2882	3836
16	19	552	6397	3051	3925
16	20	427	6357	3216	3994
16	21	358	6309	3333	4064
16	22	308	6264	3428	4146
16	23	250	6231	3519	4205
16	24	188	6209	3603	4289
16	25	162	6195	3643	4343
16	26	130	6179	3691	4409
16	27	99	6165	3736	4466
16	28	70	6161	3769	4525
16	29	53	6156	3791	4563
16	30	42	6153	3805	4624
16	31	29	6150	3821	4673
16	32	18	6147	3835	4725
16	33	15	6146	3839	4780
16	34	11	6145	3844	4836
16	35	8	6145	3847	4881
16	36	5	6145	3850	4918
16	37	2	6145	3853	4959
16	38	1	6145	3854	4994
16	39	1	6144	3855	5031
16	40	2	6143	3855	5077
16	41	3	6142	3855	5120
16	42	3	6142	3855	5155
16	43	3	6142	3855	5180
16	44	3	6141	3856	5206
16	45	2	6141	3857	5237
16	46	1	6141	3858	5269
16	47	1	6141	3858	5296
16	48	1	6141	3858	5329
16	49	0	6141	3859	5358
17	0	100	9900	0	0
17	1	211	9789	0	414
17	2	386	9614	0	709
17	3	604	9396	0	1092
17	4	831	9169	0	1360
17	5	992	8908	100	1698
17	6	1167	8622	211	1983
17	7	1242	8372	386	2230
17	8	1262	8134	604	2450
17	9	1278	7891	831	2685
17	10	1235	7673	1092	2879
17	11	1149	7473	1378	3032
17	12	1095	7277	1628	3190
17	13	1016	7118	1866	3303
17	14	942	6949	2109	3426
17	15	889	6784	2327	3550
17	16	806	6667	2527	3643
17	17	705	6572	2723	3746
17	18	637	6481	2882	3836
17	19	552	6397	3051	3925
17	20	427	6357	3216	3994
17	21	358	6309	3333	4064
17	22	308	6264	3428	4146
17	23	250	6231	3519	4205
17	24	188	6209	3603	4289
17	25	162	6195	3643	4343
17	26	130	6179	3691	4409
17	27	99	6165	3736	4466
17	28	70	6161	3769	4525
17	29	53	6156	3791	4563
17	30	42	6153	3805	4624
17	31	29	6150	3821	4673
17	32	18	6147	3835	4725
17	33	15	6146	3839	4780
17	34	11	6145	3844	4836
17	35	8	6145	3847	4881
17	36	5	6145	3850	4918
17	37	2	6145	3853	4959
17	38	1	6145	3854	4994
17	39	1	6144	3855	5031
17	40	2	6143	3855	5077
17	41	3	6142	3855	5120
17	42	3	6142	3855	5155
17	43	3	6142	3855	5180
17	44	3	6141	3856	5206
17	45	2	6141	3857	5237
17	46	1	6141	3858	5269
17	47	1	6141	3858	5296
17	48	1	6141	3858	5329
17	49	0	6141	3859	5358
18	0	100	9900	0	0
18	1	228	9772	0	347
18	2	392	9608	0	784
18	3	590	9410	0	1112
18	4	816	9184	0	1380
18	5	956	8944	100	1717
18	6	1089	8683	228	2034
18	7	1178	8430	392	2306
18	8	1207	8203	590	2499
18	9	1217	7967	816	2728
18	10	1148	7796	1056	2932
18	11	1082	7601	1317	3102
18	12	991	7439	1570	3239
18	13	914	7289	1797	3375
18	14	801	7166	2033	3542
18	15	758	7038	2204	3668
18	16	645	6956	2399	3798
18	17	568	6871	2561	3920
18	18	473	6816	2711	4030
18	19	404	6762	2834	4138
18	20	317	6721	2962	4255
18	21	265	6691	3044	4353
18	22	202	6669	3129	4436
18	23	167	6649	3184	4499
18	24	130	6632	3238	4580
18	25	103	6618	3279	4659
18	26	80	6611	3309	4726
18	27	63	6606	3331	4800
18	28	46	6603	3351	4862
18	29	33	6599	3368	4921
18	30	21	6597	3382	4981
18	31	16	6595	3389	5025
18	32	12	6594	3394	5074
18	33	9	6594	3397	5106
18	34	6	6593	3401	5150
18	35	5	6592	3403	5197
18	36	3	6592	3405	5232
18	37	2	6592	3406	5282
18	38	4	6590	3406	5337
18	39	4	6589	3407	5378
18	40	3	6589	3408	5411
18	41	3	6589	3408	5467
18	42	3	6589	3408	5503
18	43	1	6589	3410	5548
18	44	0	6589	3411	5584
19	0	100	9900	0	0
19	1	228	9772	0	347
19	2	392	9608	0	784
19	3	590	9410	0	1112
19	4	816	9184	0	1380
19	5	956	8944	100	1717
19	6	1089	8683	228	2034
19	7	1178	8430	392	2306
19	8	1207	8203	590	2499
19	9	1217	7967	816	2728
19	10	1148	7796	1056	2932
19	11	1082	7601	1317	3102
19	12	991	7439	1570	3239
19	13	914	7289	1797	3375
19	14	801	7166	2033	3542
19	15	758	7038	2204	3668
19	16	645	6956	2399	3798
19	17	568	6871	2561	3920
19	18	473	6816	2711	4030
19	19	404	6762	2834	4138
19	20	317	6721	2962	4255
19	21	265	6691	3044	4353
19	22	202	6669	3129	4436
19	23	167	6649	3184	4499
19	24	130	6632	3238	4580
19	25	103	6618	3279	4659
19	26	80	6611	3309	4726
19	27	63	6606	3331	4800
19	28	46	6603	3351	4862
19	29	33	6599	3368	4921
19	30	21	6597	3382	4981
19	31	16	6595	3389	5025
19	32	12	6594	3394	5074
19	33	9	6594	3397	5106
19	34	6	6593	3401	5150
19	35	5	6592	3403	5197
19	36	3	6592	3405	5232
19	37	2	6592	3406	5282
19	38	4	6590	3406	5337
19	39	4	6589	3407	5378
19	40	3	6589	3408	5411
19	41	3	6589	3408	5467
19	42	3	6589	3408	5503
19	43	1	6589	3410	5548
19	44	0	6589	3411	5584
20	0	100	9900	0	0
20	1	228	9772	0	347
20	2	392	9608	0	784
20	3	590	9410	0	1112
20	4	816	9184	0	1380
20	5	956	8944	100	1717
20	6	1089	8683	228	2034
20	7	1178	8430	392	2306
20	8	1207	8203	590	2499
20	9	1217	7967	816	2728
20	10	1148	7796	1056	2932
20	11	1082	7601	1317	3102
20	12	991	7439	1570	3239
20	13	914	7289	1797	3375
20	14	801	7166	2033	3542
20	15	758	7038	2204	3668
20	16	645	6956	2399	3798
20	17	568	6871	2561	3920
20	18	473	6816	2711	4030
20	19	404	6762	2834	4138
20	20	317	6721	2962	4255
20	21	265	6691	3044	4353
20	22	202	6669	3129	4436
20	23	167	6649	3184	4499
20	24	130	6632	3238	4580
20	25	103	6618	3279	4659
20	26	80	6611	3309	4726
20	27	63	6606	3331	4800
20	28	46	6603	3351	4862
20	29	33	6599	3368	4921
20	30	21	6597	3382	4981
20	31	16	6595	3389	5025
20	32	12	6594	3394	5074
20	33	9	6594	3397	5106
20	34	6	6593	3401	5150
20	35	5	6592	3403	5197
20	36	3	6592	3405	5232
20	37	2	6592	3406	5282
20	38	4	6590	3406	5337
20	39	4	6589	3407	5378
20	40	3	6589	3408	5411
20	41	3	6589	3408	5467
20	42	3	6589	3408	5503
20	43	1	6589	3410	5548
20	44	0	6589	3411	5584
21	0	100	9900	0	0
21	1	228	9772	0	347
21	2	392	9608	0	784
21	3	590	9410	0	1112
21	4	816	9184	0	1380
21	5	956	8944	100	1717
21	6	1089	8683	228	2034
21	7	1178	8430	392	2306
21	8	1207	8203	590	2499
21	9	1217	7967	816	2728
21	10	1148	7796	1056	2932
21	11	1082	7601	1317	3102
21	12	991	7439	1570	3239
21	13	914	7289	1797	3375
21	14	801	7166	2033	3542
21	15	758	7038	2204	3668
21	16	645	6956	2399	3798
21	17	568	6871	2561	3920
21	18	473	6816	2711	4030
21	19	404	6762	2834	4138
21	20	317	6721	2962	4255
21	21	265	6691	3044	4353
21	22	202	6669	3129	4436
21	23	167	6649	3184	4499
21	24	130	6632	3238	4580
21	25	103	6618	3279	4659
21	26	80	6611	3309	4726
21	27	63	6606	3331	4800
21	28	46	6603	3351	4862
21	29	33	6599	3368	4921
21	30	21	6597	3382	4981
21	31	16	6595	3389	5025
21	32	12	6594	3394	5074
21	33	9	6594	3397	5106
21	34	6	6593	3401	5150
21	35	5	6592	3403	5197
21	36	3	6592	3405	5232
21	37	2	6592	3406	5282
21	38	4	6590	3406	5337
21	39	4	6589	3407	5378
21	40	3	6589	3408	5411
21	41	3	6589	3408	5467
21	42	3	6589	3408	5503
21	43	1	6589	3410	5548
21	44	0	6589	3411	5584
22	0	100	9900	0	0
22	1	228	9772	0	347
22	2	392	9608	0	784
22	3	590	9410	0	1112
22	4	816	9184	0	1380
22	5	956	8944	100	1717
22	6	1089	8683	228	2034
22	7	1178	8430	392	2306
22	8	1207	8203	590	2499
22	9	1217	7967	816	2728
22	10	1148	7796	1056	2932
22	11	1082	7601	1317	3102
22	12	991	7439	1570	3239
22	13	914	7289	1797	3375
22	14	801	7166	2033	3542
22	15	758	7038	2204	3668
22	16	645	6956	2399	3798
22	17	568	6871	2561	3920
22	18	473	6816	2711	4030
22	19	404	6762	2834	4138
22	20	317	6721	2962	4255
22	21	265	6691	3044	4353
22	22	202	6669	3129	4436
22	23	167	6649	3184	4499
22	24	130	6632	3238	4580
22	25	103	6618	3279	4659
22	26	80	6611	3309	4726
22	27	63	6606	3331	4800
22	28	46	6603	3351	4862
22	29	33	6599	3368	4921
22	30	21	6597	3382	4981
22	31	16	6595	3389	5025
22	32	12	6594	3394	5074
22	33	9	6594	3397	5106
22	34	6	6593	3401	5150
22	35	5	6592	3403	5197
22	36	3	6592	3405	5232
22	37	2	6592	3406	5282
22	38	4	6590	3406	5337
22	39	4	6589	3407	5378
22	40	3	6589	3408	5411
22	41	3	6589	3408	5467
22	42	3	6589	3408	5503
22	43	1	6589	3410	5548
22	44	0	6589	3411	5584
23	0	100	9900	0	0
23	1	232	9768	0	391
23	2	421	9579	0	758
23	3	638	9362	0	1042
23	4	868	9132	0	1303
23	5	1019	8881	100	1503
23	6	1166	8602	232	1801
23	7	1234	8345	421	2066
23	8	1258	8104	638	2337
23	9	1213	7919	868	2580
23	10	1150	7731	1119	2818
23	11	1047	7555	1398	3013
23	12	936	7409	1655	3152
23	13	832	7272	1896	3320
23	14	766	7153	2081	3457
23	15	671	7060	2269	3593
23	16	594	6961	2445	3725
23	17	530	6879	2591	3864
23	18	463	6809	2728	3978
23	19	401	6752	2847	4069
23	20	370	6690	2940	4155
23	21	308	6653	3039	4245
23	22	273	6606	3121	4323
23	23	233	6576	3191	4397
23	24	198	6554	3248	4475
23	25	160	6530	3310	4558
23	26	135	6518	3347	4623
23	27	96	6510	3394	4709
23	28	72	6504	3424	4777
23	29	55	6499	3446	4851
23	30	36	6494	3470	4908
23	31	25	6493	3482	4954
23	32	19	6491	3490	5015
23	33	15	6489	3496	5071
23	34	11	6488	3501	5127
23	35	6	6488	3506	5173
23	36	5	6488	3507	5211
23	37	3	6488	3509	5256
23	38	1	6488	3511	5288
23	39	0	6488	3512	5326
24	0	100	9900	0	0
24	1	232	9768	0	391
24	2	421	9579	0	758
24	3	638	9362	0	1042
24	4	868	9132	0	1303
24	5	1019	8881	100	1503
24	6	1166	8602	232	1801
24	7	1234	8345	421	2066
24	8	1258	8104	638	2337
24	9	1213	7919	868	2580
24	10	1150	7731	1119	2818
24	11	1047	7555	1398	3013
24	12	936	7409	1655	3152
24	13	832	7272	1896	3320
24	14	766	7153	2081	3457
24	15	671	7060	2269	3593
24	16	594	6961	2445	3725
24	17	530	6879	2591	3864
24	18	463	6809	2728	3978
24	19	401	6752	2847	4069
24	20	370	6690	2940	4155
24	21	308	6653	3039	4245
24	22	273	6606	3121	4323
24	23	233	6576	3191	4397
24	24	198	6554	3248	4475
24	25	160	6530	3310	4558
24	26	135	6518	3347	4623
24	27	96	6510	3394	4709
24	28	72	6504	3424	4777
24	29	55	6499	3446	4851
24	30	36	6494	3470	4908
24	31	25	6493	3482	4954
24	32	19	6491	3490	5015
24	33	15	6489	3496	5071
24	34	11	6488	3501	5127
24	35	6	6488	3506	5173
24	36	5	6488	3507	5211
24	37	3	6488	3509	5256
24	38	1	6488	3511	5288
24	39	0	6488	3512	5326
25	0	100	9900	0	0
25	1	232	9768	0	391
25	2	421	9579	0	758
25	3	638	9362	0	1042
25	4	868	9132	0	1303
25	5	1019	8881	100	1503
25	6	1166	8602	232	1801
25	7	1234	8345	421	2066
25	8	1258	8104	638	2337
25	9	1213	7919	868	2580
25	10	1150	7731	1119	2818
25	11	1047	7555	1398	3013
25	12	936	7409	1655	3152
25	13	832	7272	1896	3320
25	14	766	7153	2081	3457
25	15	671	7060	2269	3593
25	16	594	6961	2445	3725
25	17	530	6879	2591	3864
25	18	463	6809	2728	3978
25	19	401	6752	2847	4069
25	20	370	6690	2940	4155
25	21	308	6653	3039	4245
25	22	273	6606	3121	4323
25	23	233	6576	3191	4397
25	24	198	6554	3248	4475
25	25	160	6530	3310	4558
25	26	135	6518	3347	4623
25	27	96	6510	3394	4709
25	28	72	6504	3424	4777
25	29	55	6499	3446	4851
25	30	36	6494	3470	4908
25	31	25	6493	3482	4954
25	32	19	6491	3490	5015
25	33	15	6489	3496	5071
25	34	11	6488	3501	5127
25	35	6	6488	3506	5173
25	36	5	6488	3507	5211
25	37	3	6488	3509	5256
25	38	1	6488	3511	5288
25	39	0	6488	3512	5326
26	0	100	9900	0	0
26	1	232	9768	0	391
26	2	421	9579	0	758
26	3	638	9362	0	1042
26	4	868	9132	0	1303
26	5	1019	8881	100	1503
26	6	1166	8602	232	1801
26	7	1234	8345	421	2066
26	8	1258	8104	638	2337
26	9	1213	7919	868	2580
26	10	1150	7731	1119	2818
26	11	1047	7555	1398	3013
26	12	936	7409	1655	3152
26	13	832	7272	1896	3320
26	14	766	7153	2081	3457
26	15	671	7060	2269	3593
26	16	594	6961	2445	3725
26	17	530	6879	2591	3864
26	18	463	6809	2728	3978
26	19	401	6752	2847	4069
26	20	370	6690	2940	4155
26	21	308	6653	3039	4245
26	22	273	6606	3121	4323
26	23	233	6576	3191	4397
26	24	198	6554	3248	4475
26	25	160	6530	3310	4558
26	26	135	6518	3347	4623
26	27	96	6510	3394	4709
26	28	72	6504	3424	4777
26	29	55	6499	3446	4851
26	30	36	6494	3470	4908
26	31	25	6493	3482	4954
26	32	19	6491	3490	5015
26	33	15	6489	3496	5071
26	34	11	6488	3501	5127
26	35	6	6488	3506	5173
26	36	5	6488	3507	5211
26	37	3	6488	3509	5256
26	38	1	6488	3511	5288
26	39	0	6488	3512	5326
27	0	100	9900	0	0
27	1	232	9768	0	391
27	2	421	9579	0	758
27	3	638	9362	0	1042
27	4	868	9132	0	1303
27	5	1019	8881	100	1503
27	6	1166	8602	232	1801
27	7	1234	8345	421	2066
27	8	1258	8104	638	2337
27	9	1213	7919	868	2580
27	10	1150	7731	1119	2818
27	11	1047	7555	1398	3013
27	12	936	7409	1655	3152
27	13	832	7272	1896	3320
27	14	766	7153	2081	3457
27	15	671	7060	2269	3593
27	16	594	6961	2445	3725
27	17	530	6879	2591	3864
27	18	463	6809	2728	3978
27	19	401	6752	2847	4069
27	20	370	6690	2940	4155
27	21	308	6653	3039	4245
27	22	273	6606	3121	4323
27	23	233	6576	3191	4397
27	24	198	6554	3248	4475
27	25	160	6530	3310	4558
27	26	135	6518	3347	4623
27	27	96	6510	3394	4709
27	28	72	6504	3424	4777
27	29	55	6499	3446	4851
27	30	36	6494	3470	4908
27	31	25	6493	3482	4954
27	32	19	6491	3490	5015
27	33	15	6489	3496	5071
27	34	11	6488	3501	5127
27	35	6	6488	3506	5173
27	36	5	6488	3507	5211
27	37	3	6488	3509	5256
27	38	1	6488	3511	5288
27	39	0	6488	3512	5326
28	0	100	9900	0	0
28	1	223	9777	0	305
28	2	376	9624	0	590
28	3	558	9442	0	938
28	4	775	9225	0	1297
28	5	878	9022	100	1564
28	6	983	8794	223	1851
28	7	1057	8567	376	2100
28	8	1095	8347	558	2358
28	9	1073	8152	775	2628
28	10	1082	7940	978	2846
28	11	1040	7754	1206	2997
28	12	963	7604	1433	3133
28	13	882	7465	1653	3313
28	14	803	7349	1848	3463
28	15	706	7234	2060	3616
28	16	607	7147	2246	3760
28	17	522	7082	2396	3903
28	18	439	7026	2535	4039
28	19	365	6984	2651	4132
28	20	293	6941	2766	4219
28	21	238	6909	2853	4318
28	22	186	6896	2918	4428
28	23	152	6874	2974	4542
28	24	118	6866	3016	4644
28	25	85	6856	3059	4740
28	26	60	6849	3091	4810
28	27	51	6845	3104	4885
28	28	33	6841	3126	4965
28	29	28	6838	3134	5035
28	30	21	6835	3144	5103
28	31	14	6835	3151	5161
28	32	12	6833	3155	5230
28	33	8	6833	3159	5293
28	34	6	6832	3162	5332
28	35	3	6832	3165	5385
28	36	3	6832	3165	5438
28	37	1	6832	3167	5478
28	38	1	6832	3167	5539
28	39	1	6831	3168	5585
28	40	1	6831	3168	5628
28	41	1	6831	3168	5669
28	42	1	6831	3168	5708
28	43	1	6831	3168	5745
28	44	0	6831	3169	5775
29	0	100	9900	0	0
29	1	223	9777	0	305
29	2	376	9624	0	590
29	3	558	9442	0	938
29	4	775	9225	0	1297
29	5	878	9022	100	1564
29	6	983	8794	223	1851
29	7	1057	8567	376	2100
29	8	1095	8347	558	2358
29	9	1073	8152	775	2628
29	10	1082	7940	978	2846
29	11	1040	7754	1206	2997
29	12	963	7604	1433	3133
29	13	882	7465	1653	3313
29	14	803	7349	1848	3463
29	15	706	7234	2060	3616
29	16	607	7147	2246	3760
29	17	522	7082	2396	3903
29	18	439	7026	2535	4039
29	19	365	6984	2651	4132
29	20	293	6941	2766	4219
29	21	238	6909	2853	4318
29	22	186	6896	2918	4428
29	23	152	6874	2974	4542
29	24	118	6866	3016	4644
29	25	85	6856	3059	4740
29	26	60	6849	3091	4810
29	27	51	6845	3104	4885
29	28	33	6841	3126	4965
29	29	28	6838	3134	5035
29	30	21	6835	3144	5103
29	31	14	6835	3151	5161
29	32	12	6833	3155	5230
29	33	8	6833	3159	5293
29	34	6	6832	3162	5332
29	35	3	6832	3165	5385
29	36	3	6832	3165	5438
29	37	1	6832	3167	5478
29	38	1	6832	3167	5539
29	39	1	6831	3168	5585
29	40	1	6831	3168	5628
29	41	1	6831	3168	5669
29	42	1	6831	3168	5708
29	43	1	6831	3168	5745
29	44	0	6831	3169	5775
30	0	100	9900	0	0
30	1	223	9777	0	305
30	2	376	9624	0	590
30	3	558	9442	0	938
30	4	775	9225	0	1297
30	5	878	9022	100	1564
30	6	983	8794	223	1851
30	7	1057	8567	376	2100
30	8	1095	8347	558	2358
30	9	1073	8152	775	2628
30	10	1082	7940	978	2846
30	11	1040	7754	1206	2997
30	12	963	7604	1433	3133
30	13	882	7465	1653	3313
30	14	803	7349	1848	3463
30	15	706	7234	2060	3616
30	16	607	7147	2246	3760
30	17	522	7082	2396	3903
30	18	439	7026	2535	4039
30	19	365	6984	2651	4132
30	20	293	6941	2766	4219
30	21	238	6909	2853	4318
30	22	186	6896	2918	4428
30	23	152	6874	2974	4542
30	24	118	6866	3016	4644
30	25	85	6856	3059	4740
30	26	60	6849	3091	4810
30	27	51	6845	3104	4885
30	28	33	6841	3126	4965
30	29	28	6838	3134	5035
30	30	21	6835	3144	5103
30	31	14	6835	3151	5161
30	32	12	6833	3155	5230
30	33	8	6833	3159	5293
30	34	6	6832	3162	5332
30	35	3	6832	3165	5385
30	36	3	6832	3165	5438
30	37	1	6832	3167	5478
30	38	1	6832	3167	5539
30	39	1	6831	3168	5585
30	40	1	6831	3168	5628
30	41	1	6831	3168	5669
30	42	1	6831	3168	5708
30	43	1	6831	3168	5745
30	44	0	6831	3169	5775
31	0	100	9900	0	0
31	1	223	9777	0	305
31	2	376	9624	0	590
31	3	558	9442	0	938
31	4	775	9225	0	1297
31	5	878	9022	100	1564
31	6	983	8794	223	1851
31	7	1057	8567	376	2100
31	8	1095	8347	558	2358
31	9	1073	8152	775	2628
31	10	1082	7940	978	2846
31	11	1040	7754	1206	2997
31	12	963	7604	1433	3133
31	13	882	7465	1653	3313
31	14	803	7349	1848	3463
31	15	706	7234	2060	3616
31	16	607	7147	2246	3760
31	17	522	7082	2396	3903
31	18	439	7026	2535	4039
31	19	365	6984	2651	4132
31	20	293	6941	2766	4219
31	21	238	6909	2853	4318
31	22	186	6896	2918	4428
31	23	152	6874	2974	4542
31	24	118	6866	3016	4644
31	25	85	6856	3059	4740
31	26	60	6849	3091	4810
31	27	51	6845	3104	4885
31	28	33	6841	3126	4965
31	29	28	6838	3134	5035
31	30	21	6835	3144	5103
31	31	14	6835	3151	5161
31	32	12	6833	3155	5230
31	33	8	6833	3159	5293
31	34	6	6832	3162	5332
31	35	3	6832	3165	5385
31	36	3	6832	3165	5438
31	37	1	6832	3167	5478
31	38	1	6832	3167	5539
31	39	1	6831	3168	5585
31	40	1	6831	3168	5628
31	41	1	6831	3168	5669
31	42	1	6831	3168	5708
31	43	1	6831	3168	5745
31	44	0	6831	3169	5775
32	0	100	9900	0	0
32	1	223	9777	0	305
32	2	376	9624	0	590
32	3	558	9442	0	938
32	4	775	9225	0	1297
32	5	878	9022	100	1564
32	6	983	8794	223	1851
32	7	1057	8567	376	2100
32	8	1095	8347	558	2358
32	9	1073	8152	775	2628
32	10	1082	7940	978	2846
32	11	1040	7754	1206	2997
32	12	963	7604	1433	3133
32	13	882	7465	1653	3313
32	14	803	7349	1848	3463
32	15	706	7234	2060	3616
32	16	607	7147	2246	3760
32	17	522	7082	2396	3903
32	18	439	7026	2535	4039
32	19	365	6984	2651	4132
32	20	293	6941	2766	4219
32	21	238	6909	2853	4318
32	22	186	6896	2918	4428
32	23	152	6874	2974	4542
32	24	118	6866	3016	4644
32	25	85	6856	3059	4740
32	26	60	6849	3091	4810
32	27	51	6845	3104	4885
32	28	33	6841	3126	4965
32	29	28	6838	3134	5035
32	30	21	6835	3144	5103
32	31	14	6835	3151	5161
32	32	12	6833	3155	5230
32	33	8	6833	3159	5293
32	34	6	6832	3162	5332
32	35	3	6832	3165	5385
32	36	3	6832	3165	5438
32	37	1	6832	3167	5478
32	38	1	6832	3167	5539
32	39	1	6831	3168	5585
32	40	1	6831	3168	5628
32	41	1	6831	3168	5669
32	42	1	6831	3168	5708
32	43	1	6831	3168	5745
32	44	0	6831	3169	5775
33	0	100	9900	0	0
33	1	219	9781	0	376
33	2	377	9623	0	810
33	3	602	9398	0	1207
33	4	848	9152	0	1562
33	5	1020	8880	100	1876
33	6	1157	8624	219	2070
33	7	1219	8404	377	2350
33	8	1225	8173	602	2567
33	9	1198	7954	848	2784
33	10	1143	7737	1120	2985
33	11	1042	7582	1376	3113
33	12	972	7432	1596	3258
33	13	868	7305	1827	3419
33	14	759	7195	2046	3567
33	15	658	7079	2263	3699
33	16	590	6992	2418	3810
33	17	509	6923	2568	3920
33	18	431	6874	2695	4040
33	19	367	6828	2805	4175
33	20	285	6794	2921	4295
33	21	231	6761	3008	4391
33	22	180	6743	3077	4489
33	23	148	6726	3126	4564
33	24	116	6712	3172	4648
33	25	92	6702	3206	4724
33	26	64	6697	3239	4785
33	27	54	6689	3257	4858
33	28	40	6686	3274	4928
33	29	29	6683	3288	4985
33	30	20	6682	3298	5049
33	31	17	6680	3303	5106
33	32	11	6678	3311	5165
33	33	8	6678	3314	5207
33	34	5	6678	3317	5253
33	35	4	6678	3318	5293
33	36	2	6678	3320	5343
33	37	0	6678	3322	5399
34	0	100	9900	0	0
34	1	219	9781	0	376
34	2	377	9623	0	810
34	3	602	9398	0	1207
34	4	848	9152	0	1562
34	5	1020	8880	100	1876
34	6	1157	8624	219	2070
34	7	1219	8404	377	2350
34	8	1225	8173	602	2567
34	9	1198	7954	848	2784
34	10	1143	7737	1120	2985
34	11	1042	7582	1376	3113
34	12	972	7432	1596	3258
34	13	868	7305	1827	3419
34	14	759	7195	2046	3567
34	15	658	7079	2263	3699
34	16	590	6992	2418	3810
34	17	509	6923	2568	3920
34	18	431	6874	2695	4040
34	19	367	6828	2805	4175
34	20	285	6794	2921	4295
34	21	231	6761	3008	4391
34	22	180	6743	3077	4489
34	23	148	6726	3126	4564
34	24	116	6712	3172	4648
34	25	92	6702	3206	4724
34	26	64	6697	3239	4785
34	27	54	6689	3257	4858
34	28	40	6686	3274	4928
34	29	29	6683	3288	4985
34	30	20	6682	3298	5049
34	31	17	6680	3303	5106
34	32	11	6678	3311	5165
34	33	8	6678	3314	5207
34	34	5	6678	3317	5253
34	35	4	6678	3318	5293
34	36	2	6678	3320	5343
34	37	0	6678	3322	5399
35	0	100	9900	0	0
35	1	219	9781	0	376
35	2	377	9623	0	810
35	3	602	9398	0	1207
35	4	848	9152	0	1562
35	5	1020	8880	100	1876
35	6	1157	8624	219	2070
35	7	1219	8404	377	2350
35	8	1225	8173	602	2567
35	9	1198	7954	848	2784
35	10	1143	7737	1120	2985
35	11	1042	7582	1376	3113
35	12	972	7432	1596	3258
35	13	868	7305	1827	3419
35	14	759	7195	2046	3567
35	15	658	7079	2263	3699
35	16	590	6992	2418	3810
35	17	509	6923	2568	3920
35	18	431	6874	2695	4040
35	19	367	6828	2805	4175
35	20	285	6794	2921	4295
35	21	231	6761	3008	4391
35	22	180	6743	3077	4489
35	23	148	6726	3126	4564
35	24	116	6712	3172	4648
35	25	92	6702	3206	4724
35	26	64	6697	3239	4785
35	27	54	6689	3257	4858
35	28	40	6686	3274	4928
35	29	29	6683	3288	4985
35	30	20	6682	3298	5049
35	31	17	6680	3303	5106
35	32	11	6678	3311	5165
35	33	8	6678	3314	5207
35	34	5	6678	3317	5253
35	35	4	6678	3318	5293
35	36	2	6678	3320	5343
35	37	0	6678	3322	5399
36	0	100	9900	0	0
36	1	219	9781	0	376
36	2	377	9623	0	810
36	3	602	9398	0	1207
36	4	848	9152	0	1562
36	5	1020	8880	100	1876
36	6	1157	8624	219	2070
36	7	1219	8404	377	2350
36	8	1225	8173	602	2567
36	9	1198	7954	848	2784
36	10	1143	7737	1120	2985
36	11	1042	7582	1376	3113
36	12	972	7432	1596	3258
36	13	868	7305	1827	3419
36	14	759	7195	2046	3567
36	15	658	7079	2263	3699
36	16	590	6992	2418	3810
36	17	509	6923	2568	3920
36	18	431	6874	2695	4040
36	19	367	6828	2805	4175
36	20	285	6794	2921	4295
36	21	231	6761	3008	4391
36	22	180	6743	3077	4489
36	23	148	6726	3126	4564
36	24	116	6712	3172	4648
36	25	92	6702	3206	4724
36	26	64	6697	3239	4785
36	27	54	6689	3257	4858
36	28	40	6686	3274	4928
36	29	29	6683	3288	4985
36	30	20	6682	3298	5049
36	31	17	6680	3303	5106
36	32	11	6678	3311	5165
36	33	8	6678	3314	5207
36	34	5	6678	3317	5253
36	35	4	6678	3318	5293
36	36	2	6678	3320	5343
36	37	0	6678	3322	5399
37	0	100	9900	0	0
37	1	219	9781	0	376
37	2	377	9623	0	810
37	3	602	9398	0	1207
37	4	848	9152	0	1562
37	5	1020	8880	100	1876
37	6	1157	8624	219	2070
37	7	1219	8404	377	2350
37	8	1225	8173	602	2567
37	9	1198	7954	848	2784
37	10	1143	7737	1120	2985
37	11	1042	7582	1376	3113
37	12	972	7432	1596	3258
37	13	868	7305	1827	3419
37	14	759	7195	2046	3567
37	15	658	7079	2263	3699
37	16	590	6992	2418	3810
37	17	509	6923	2568	3920
37	18	431	6874	2695	4040
37	19	367	6828	2805	4175
37	20	285	6794	2921	4295
37	21	231	6761	3008	4391
37	22	180	6743	3077	4489
37	23	148	6726	3126	4564
37	24	116	6712	3172	4648
37	25	92	6702	3206	4724
37	26	64	6697	3239	4785
37	27	54	6689	3257	4858
37	28	40	6686	3274	4928
37	29	29	6683	3288	4985
37	30	20	6682	3298	5049
37	31	17	6680	3303	5106
37	32	11	6678	3311	5165
37	33	8	6678	3314	5207
37	34	5	6678	3317	5253
37	35	4	6678	3318	5293
37	36	2	6678	3320	5343
37	37	0	6678	3322	5399
38	0	100	9900	0	0
38	1	238	9762	0	409
38	2	412	9588	0	796
38	3	636	9364	0	1137
38	4	874	9126	0	1413
38	5	1037	8863	100	1696
38	6	1147	8615	238	2029
38	7	1210	8378	412	2287
38	8	1238	8126	636	2514
38	9	1205	7921	874	2752
38	10	1132	7731	1137	2950
38	11	1045	7570	1385	3142
38	12	961	7417	1622	3299
38	13	841	7285	1874	3431
38	14	758	7163	2079	3559
38	15	663	7068	2269	3670
38	16	594	6976	2430	3798
38	17	510	6907	2583	3919
38	18	435	6850	2715	4012
38	19	355	6808	2837	4094
38	20	299	6769	2932	4182
38	21	239	6737	3024	4272
38	22	192	6715	3093	4353
38	23	163	6687	3150	4428
38	24	133	6675	3192	4486
38	25	109	6660	3231	4542
38	26	92	6645	3263	4605
38	27	80	6635	3285	4669
38	28	60	6627	3313	4740
38	29	53	6622	3325	4822
38	30	41	6619	3340	4887
38	31	30	6615	3355	4948
38	32	24	6611	3365	5022
38	33	21	6606	3373	5080
38	34	17	6605	3378	5124
38	35	15	6604	3381	5171
38	36	12	6603	3385	5227
38	37	8	6603	3389	5273
38	38	3	6603	3394	5314
38	39	2	6603	3395	5358
38	40	1	6603	3396	5396
38	41	0	6603	3397	5427
39	0	100	9900	0	0
39	1	238	9762	0	409
39	2	412	9588	0	796
39	3	636	9364	0	1137
39	4	874	9126	0	1413
39	5	1037	8863	100	1696
39	6	1147	8615	238	2029
39	7	1210	8378	412	2287
39	8	1238	8126	636	2514
39	9	1205	7921	874	2752
39	10	1132	7731	1137	2950
39	11	1045	7570	1385	3142
39	12	961	7417	1622	3299
39	13	841	7285	1874	3431
39	14	758	7163	2079	3559
39	15	663	7068	2269	3670
39	16	594	6976	2430	3798
39	17	510	6907	2583	3919
39	18	435	6850	2715	4012
39	19	355	6808	2837	4094
39	20	299	6769	2932	4182
39	21	239	6737	3024	4272
39	22	192	6715	3093	4353
39	23	163	6687	3150	4428
39	24	133	6675	3192	4486
39	25	109	6660	3231	4542
39	26	92	6645	3263	4605
39	27	80	6635	3285	4669
39	28	60	6627	3313	4740
39	29	53	6622	3325	4822
39	30	41	6619	3340	4887
39	31	30	6615	3355	4948
39	32	24	6611	3365	5022
39	33	21	6606	3373	5080
39	34	17	6605	3378	5124
39	35	15	6604	3381	5171
39	36	12	6603	3385	5227
39	37	8	6603	3389	5273
39	38	3	6603	3394	5314
39	39	2	6603	3395	5358
39	40	1	6603	3396	5396
39	41	0	6603	3397	5427
40	0	100	9900	0	0
40	1	238	9762	0	409
40	2	412	9588	0	796
40	3	636	9364	0	1137
40	4	874	9126	0	1413
40	5	1037	8863	100	1696
40	6	1147	8615	238	2029
40	7	1210	8378	412	2287
40	8	1238	8126	636	2514
40	9	1205	7921	874	2752
40	10	1132	7731	1137	2950
40	11	1045	7570	1385	3142
40	12	961	7417	1622	3299
40	13	841	7285	1874	3431
40	14	758	7163	2079	3559
40	15	663	7068	2269	3670
40	16	594	6976	2430	3798
40	17	510	6907	2583	3919
40	18	435	6850	2715	4012
40	19	355	6808	2837	4094
40	20	299	6769	2932	4182
40	21	239	6737	3024	4272
40	22	192	6715	3093	4353
40	23	163	6687	3150	4428
40	24	133	6675	3192	4486
40	25	109	6660	3231	4542
40	26	92	6645	3263	4605
40	27	80	6635	3285	4669
40	28	60	6627	3313	4740
40	29	53	6622	3325	4822
40	30	41	6619	3340	4887
40	31	30	6615	3355	4948
40	32	24	6611	3365	5022
40	33	21	6606	3373	5080
40	34	17	6605	3378	5124
40	35	15	6604	3381	5171
40	36	12	6603	3385	5227
40	37	8	6603	3389	5273
40	38	3	6603	3394	5314
40	39	2	6603	3395	5358
40	40	1	6603	3396	5396
40	41	0	6603	3397	5427
41	0	100	9900	0	0
41	1	238	9762	0	409
41	2	412	9588	0	796
41	3	636	9364	0	1137
41	4	874	9126	0	1413
41	5	1037	8863	100	1696
41	6	1147	8615	238	2029
41	7	1210	8378	412	2287
41	8	1238	8126	636	2514
41	9	1205	7921	874	2752
41	10	1132	7731	1137	2950
41	11	1045	7570	1385	3142
41	12	961	7417	1622	3299
41	13	841	7285	1874	3431
41	14	758	7163	2079	3559
41	15	663	7068	2269	3670
41	16	594	6976	2430	3798
41	17	510	6907	2583	3919
41	18	435	6850	2715	4012
41	19	355	6808	2837	4094
41	20	299	6769	2932	4182
41	21	239	6737	3024	4272
41	22	192	6715	3093	4353
41	23	163	6687	3150	4428
41	24	133	6675	3192	4486
41	25	109	6660	3231	4542
41	26	92	6645	3263	4605
41	27	80	6635	3285	4669
41	28	60	6627	3313	4740
41	29	53	6622	3325	4822
41	30	41	6619	3340	4887
41	31	30	6615	3355	4948
41	32	24	6611	3365	5022
41	33	21	6606	3373	5080
41	34	17	6605	3378	5124
41	35	15	6604	3381	5171
41	36	12	6603	3385	5227
41	37	8	6603	3389	5273
41	38	3	6603	3394	5314
41	39	2	6603	3395	5358
41	40	1	6603	3396	5396
41	41	0	6603	3397	5427
42	0	100	9900	0	0
42	1	238	9762	0	409
42	2	412	9588	0	796
42	3	636	9364	0	1137
42	4	874	9126	0	1413
42	5	1037	8863	100	1696
42	6	1147	8615	238	2029
42	7	1210	8378	412	2287
42	8	1238	8126	636	2514
42	9	1205	7921	874	2752
42	10	1132	7731	1137	2950
42	11	1045	7570	1385	3142
42	12	961	7417	1622	3299
42	13	841	7285	1874	3431
42	14	758	7163	2079	3559
42	15	663	7068	2269	3670
42	16	594	6976	2430	3798
42	17	510	6907	2583	3919
42	18	435	6850	2715	4012
42	19	355	6808	2837	4094
42	20	299	6769	2932	4182
42	21	239	6737	3024	4272
42	22	192	6715	3093	4353
42	23	163	6687	3150	4428
42	24	133	6675	3192	4486
42	25	109	6660	3231	4542
42	26	92	6645	3263	4605
42	27	80	6635	3285	4669
42	28	60	6627	3313	4740
42	29	53	6622	3325	4822
42	30	41	6619	3340	4887
42	31	30	6615	3355	4948
42	32	24	6611	3365	5022
42	33	21	6606	3373	5080
42	34	17	6605	3378	5124
42	35	15	6604	3381	5171
42	36	12	6603	3385	5227
42	37	8	6603	3389	5273
42	38	3	6603	3394	5314
42	39	2	6603	3395	5358
42	40	1	6603	3396	5396
42	41	0	6603	3397	5427
43	0	100	9900	0	0
43	1	238	9762	0	409
43	2	412	9588	0	796
43	3	636	9364	0	1137
43	4	874	9126	0	1413
43	5	1037	8863	100	1696
43	6	1147	8615	238	2029
43	7	1210	8378	412	2287
43	8	1238	8126	636	2514
43	9	1205	7921	874	2752
43	10	1132	7731	1137	2950
43	11	1045	7570	1385	3142
43	12	961	7417	1622	3299
43	13	841	7285	1874	3431
43	14	758	7163	2079	3559
43	15	663	7068	2269	3670
43	16	594	6976	2430	3798
43	17	510	6907	2583	3919
43	18	435	6850	2715	4012
43	19	355	6808	2837	4094
43	20	299	6769	2932	4182
43	21	239	6737	3024	4272
43	22	192	6715	3093	4353
43	23	163	6687	3150	4428
43	24	133	6675	3192	4486
43	25	109	6660	3231	4542
43	26	92	6645	3263	4605
43	27	80	6635	3285	4669
43	28	60	6627	3313	4740
43	29	53	6622	3325	4822
43	30	41	6619	3340	4887
43	31	30	6615	3355	4948
43	32	24	6611	3365	5022
43	33	21	6606	3373	5080
43	34	17	6605	3378	5124
43	35	15	6604	3381	5171
43	36	12	6603	3385	5227
43	37	8	6603	3389	5273
43	38	3	6603	3394	5314
43	39	2	6603	3395	5358
43	40	1	6603	3396	5396
43	41	0	6603	3397	5427
44	0	100	9900	0	0
44	1	214	9786	0	527
44	2	348	9652	0	820
44	3	563	9437	0	1149
44	4	814	9186	0	1500
44	5	976	8924	100	1753
44	6	1151	8635	214	2051
44	7	1274	8378	348	2266
44	8	1311	8126	563	2498
44	9	1295	7891	814	2715
44	10	1254	7670	1076	2893
44	11	1158	7477	1365	3088
44	12	1089	7289	1622	3273
44	13	1004	7122	1874	3422
44	14	896	6995	2109	3573
44	15	801	6869	2330	3710
44	16	714	6763	2523	3802
44	17	618	6671	2711	3917
44	18	518	6604	2878	4032
44	19	450	6545	3005	4117
44	20	382	6487	3131	4183
44	21	314	6449	3237	4254
44	22	252	6419	3329	4337
44	23	210	6394	3396	4427
44	24	177	6368	3455	4484
44	25	139	6348	3513	4575
44	26	112	6337	3551	4648
44	27	93	6326	3581	4715
44	28	75	6319	3606	4763
44	29	55	6313	3632	4824
44	30	39	6309	3652	4881
44	31	30	6307	3663	4926
44	32	20	6306	3674	4975
44	33	14	6305	3681	5009
44	34	8	6305	3687	5058
44	35	7	6302	3691	5096
44	36	7	6300	3693	5144
44	37	6	6300	3694	5189
44	38	6	6299	3695	5234
44	39	6	6299	3695	5265
44	40	3	6299	3698	5292
44	41	1	6299	3700	5321
44	42	1	6299	3700	5348
44	43	0	6299	3701	5381
45	0	100	9900	0	0
45	1	214	9786	0	527
45	2	348	9652	0	820
45	3	563	9437	0	1149
45	4	814	9186	0	1500
45	5	976	8924	100	1753
45	6	1151	8635	214	2051
45	7	1274	8378	348	2266
45	8	1311	8126	563	2498
45	9	1295	7891	814	2715
45	10	1254	7670	1076	2893
45	11	1158	7477	1365	3088
45	12	1089	7289	1622	3273
45	13	1004	7122	1874	3422
45	14	896	6995	2109	3573
45	15	801	6869	2330	3710
45	16	714	6763	2523	3802
45	17	618	6671	2711	3917
45	18	518	6604	2878	4032
45	19	450	6545	3005	4117
45	20	382	6487	3131	4183
45	21	314	6449	3237	4254
45	22	252	6419	3329	4337
45	23	210	6394	3396	4427
45	24	177	6368	3455	4484
45	25	139	6348	3513	4575
45	26	112	6337	3551	4648
45	27	93	6326	3581	4715
45	28	75	6319	3606	4763
45	29	55	6313	3632	4824
45	30	39	6309	3652	4881
45	31	30	6307	3663	4926
45	32	20	6306	3674	4975
45	33	14	6305	3681	5009
45	34	8	6305	3687	5058
45	35	7	6302	3691	5096
45	36	7	6300	3693	5144
45	37	6	6300	3694	5189
45	38	6	6299	3695	5234
45	39	6	6299	3695	5265
45	40	3	6299	3698	5292
45	41	1	6299	3700	5321
45	42	1	6299	3700	5348
45	43	0	6299	3701	5381
46	0	100	9900	0	0
46	1	214	9786	0	527
46	2	348	9652	0	820
46	3	563	9437	0	1149
46	4	814	9186	0	1500
46	5	976	8924	100	1753
46	6	1151	8635	214	2051
46	7	1274	8378	348	2266
46	8	1311	8126	563	2498
46	9	1295	7891	814	2715
46	10	1254	7670	1076	2893
46	11	1158	7477	1365	3088
46	12	1089	7289	1622	3273
46	13	1004	7122	1874	3422
46	14	896	6995	2109	3573
46	15	801	6869	2330	3710
46	16	714	6763	2523	3802
46	17	618	6671	2711	3917
46	18	518	6604	2878	4032
46	19	450	6545	3005	4117
46	20	382	6487	3131	4183
46	21	314	6449	3237	4254
46	22	252	6419	3329	4337
46	23	210	6394	3396	4427
46	24	177	6368	3455	4484
46	25	139	6348	3513	4575
46	26	112	6337	3551	4648
46	27	93	6326	3581	4715
46	28	75	6319	3606	4763
46	29	55	6313	3632	4824
46	30	39	6309	3652	4881
46	31	30	6307	3663	4926
46	32	20	6306	3674	4975
46	33	14	6305	3681	5009
46	34	8	6305	3687	5058
46	35	7	6302	3691	5096
46	36	7	6300	3693	5144
46	37	6	6300	3694	5189
46	38	6	6299	3695	5234
46	39	6	6299	3695	5265
46	40	3	6299	3698	5292
46	41	1	6299	3700	5321
46	42	1	6299	3700	5348
46	43	0	6299	3701	5381
47	0	100	9900	0	0
47	1	214	9786	0	527
47	2	348	9652	0	820
47	3	563	9437	0	1149
47	4	814	9186	0	1500
47	5	976	8924	100	1753
47	6	1151	8635	214	2051
47	7	1274	8378	348	2266
47	8	1311	8126	563	2498
47	9	1295	7891	814	2715
47	10	1254	7670	1076	2893
47	11	1158	7477	1365	3088
47	12	1089	7289	1622	3273
47	13	1004	7122	1874	3422
47	14	896	6995	2109	3573
47	15	801	6869	2330	3710
47	16	714	6763	2523	3802
47	17	618	6671	2711	3917
47	18	518	6604	2878	4032
47	19	450	6545	3005	4117
47	20	382	6487	3131	4183
47	21	314	6449	3237	4254
47	22	252	6419	3329	4337
47	23	210	6394	3396	4427
47	24	177	6368	3455	4484
47	25	139	6348	3513	4575
47	26	112	6337	3551	4648
47	27	93	6326	3581	4715
47	28	75	6319	3606	4763
47	29	55	6313	3632	4824
47	30	39	6309	3652	4881
47	31	30	6307	3663	4926
47	32	20	6306	3674	4975
47	33	14	6305	3681	5009
47	34	8	6305	3687	5058
47	35	7	6302	3691	5096
47	36	7	6300	3693	5144
47	37	6	6300	3694	5189
47	38	6	6299	3695	5234
47	39	6	6299	3695	5265
47	40	3	6299	3698	5292
47	41	1	6299	3700	5321
47	42	1	6299	3700	5348
47	43	0	6299	3701	5381
48	0	100	9900	0	0
48	1	214	9786	0	527
48	2	348	9652	0	820
48	3	563	9437	0	1149
48	4	814	9186	0	1500
48	5	976	8924	100	1753
48	6	1151	8635	214	2051
48	7	1274	8378	348	2266
48	8	1311	8126	563	2498
48	9	1295	7891	814	2715
48	10	1254	7670	1076	2893
48	11	1158	7477	1365	3088
48	12	1089	7289	1622	3273
48	13	1004	7122	1874	3422
48	14	896	6995	2109	3573
48	15	801	6869	2330	3710
48	16	714	6763	2523	3802
48	17	618	6671	2711	3917
48	18	518	6604	2878	4032
48	19	450	6545	3005	4117
48	20	382	6487	3131	4183
48	21	314	6449	3237	4254
48	22	252	6419	3329	4337
48	23	210	6394	3396	4427
48	24	177	6368	3455	4484
48	25	139	6348	3513	4575
48	26	112	6337	3551	4648
48	27	93	6326	3581	4715
48	28	75	6319	3606	4763
48	29	55	6313	3632	4824
48	30	39	6309	3652	4881
48	31	30	6307	3663	4926
48	32	20	6306	3674	4975
48	33	14	6305	3681	5009
48	34	8	6305	3687	5058
48	35	7	6302	3691	5096
48	36	7	6300	3693	5144
48	37	6	6300	3694	5189
48	38	6	6299	3695	5234
48	39	6	6299	3695	5265
48	40	3	6299	3698	5292
48	41	1	6299	3700	5321
48	42	1	6299	3700	5348
48	43	0	6299	3701	5381
49	0	100	9900	0	0
49	1	197	9803	0	330
49	2	377	9623	0	686
49	3	578	9422	0	943
49	4	791	9209	0	1237
49	5	962	8943	95	1508
49	6	1161	8642	197	1740
49	7	1248	8375	377	1939
49	8	1323	8099	578	2147
49	9	1376	7833	791	2366
49	10	1375	7568	1057	2600
49	11	1305	7337	1358	2754
49	12	1261	7114	1625	2899
49	13	1190	6909	1901	3054
49	14	1082	6751	2167	3198
49	15	967	6601	2432	3317
49	16	868	6469	2663	3417
49	17	746	6368	2886	3511
49	18	630	6279	3091	3610
49	19	559	6192	3249	3701
49	20	464	6137	3399	3779
49	21	370	6099	3531	3880
49	22	304	6064	3632	3955
49	23	241	6038	3721	4040
49	24	181	6011	3808	4094
49	25	145	5992	3863	4152
49	26	119	5980	3901	4217
49	27	90	5974	3936	4278
49	28	73	5965	3962	4332
49	29	50	5961	3989	4391
49	30	35	5957	4008	4455
49	31	25	5955	4020	4514
49	32	22	5952	4026	4573
49	33	16	5949	4035	4627
49	34	14	5947	4039	4673
49	35	11	5946	4043	4714
49	36	10	5945	4045	4752
49	37	7	5945	4048	4778
49	38	4	5945	4051	4817
49	39	2	5945	4053	4852
49	40	1	5945	4054	4898
49	41	0	5945	4055	4937
50	0	100	9900	0	0
50	1	197	9803	0	330
50	2	377	9623	0	686
50	3	578	9422	0	943
50	4	791	9209	0	1237
50	5	962	8943	95	1508
50	6	1161	8642	197	1740
50	7	1248	8375	377	1939
50	8	1323	8099	578	2147
50	9	1376	7833	791	2366
50	10	1375	7568	1057	2600
50	11	1305	7337	1358	2754
50	12	1261	7114	1625	2899
50	13	1190	6909	1901	3054
50	14	1082	6751	2167	3198
50	15	967	6601	2432	3317
50	16	868	6469	2663	3417
50	17	746	6368	2886	3511
50	18	630	6279	3091	3610
50	19	559	6192	3249	3701
50	20	464	6137	3399	3779
50	21	370	6099	3531	3880
50	22	304	6064	3632	3955
50	23	241	6038	3721	4040
50	24	181	6011	3808	4094
50	25	145	5992	3863	4152
50	26	119	5980	3901	4217
50	27	90	5974	3936	4278
50	28	73	5965	3962	4332
50	29	50	5961	3989	4391
50	30	35	5957	4008	4455
50	31	25	5955	4020	4514
50	32	22	5952	4026	4573
50	33	16	5949	4035	4627
50	34	14	5947	4039	4673
50	35	11	5946	4043	4714
50	36	10	5945	4045	4752
50	37	7	5945	4048	4778
50	38	4	5945	4051	4817
50	39	2	5945	4053	4852
50	40	1	5945	4054	4898
50	41	0	5945	4055	4937
51	0	100	9900	0	0
51	1	197	9803	0	330
51	2	377	9623	0	686
51	3	578	9422	0	943
51	4	791	9209	0	1237
51	5	962	8943	95	1508
51	6	1161	8642	197	1740
51	7	1248	8375	377	1939
51	8	1323	8099	578	2147
51	9	1376	7833	791	2366
51	10	1375	7568	1057	2600
51	11	1305	7337	1358	2754
51	12	1261	7114	1625	2899
51	13	1190	6909	1901	3054
51	14	1082	6751	2167	3198
51	15	967	6601	2432	3317
51	16	868	6469	2663	3417
51	17	746	6368	2886	3511
51	18	630	6279	3091	3610
51	19	559	6192	3249	3701
51	20	464	6137	3399	3779
51	21	370	6099	3531	3880
51	22	304	6064	3632	3955
51	23	241	6038	3721	4040
51	24	181	6011	3808	4094
51	25	145	5992	3863	4152
51	26	119	5980	3901	4217
51	27	90	5974	3936	4278
51	28	73	5965	3962	4332
51	29	50	5961	3989	4391
51	30	35	5957	4008	4455
51	31	25	5955	4020	4514
51	32	22	5952	4026	4573
51	33	16	5949	4035	4627
51	34	14	5947	4039	4673
51	35	11	5946	4043	4714
51	36	10	5945	4045	4752
51	37	7	5945	4048	4778
51	38	4	5945	4051	4817
51	39	2	5945	4053	4852
51	40	1	5945	4054	4898
51	41	0	5945	4055	4937
52	0	100	9900	0	0
52	1	197	9803	0	330
52	2	377	9623	0	686
52	3	578	9422	0	943
52	4	791	9209	0	1237
52	5	962	8943	95	1508
52	6	1161	8642	197	1740
52	7	1248	8375	377	1939
52	8	1323	8099	578	2147
52	9	1376	7833	791	2366
52	10	1375	7568	1057	2600
52	11	1305	7337	1358	2754
52	12	1261	7114	1625	2899
52	13	1190	6909	1901	3054
52	14	1082	6751	2167	3198
52	15	967	6601	2432	3317
52	16	868	6469	2663	3417
52	17	746	6368	2886	3511
52	18	630	6279	3091	3610
52	19	559	6192	3249	3701
52	20	464	6137	3399	3779
52	21	370	6099	3531	3880
52	22	304	6064	3632	3955
52	23	241	6038	3721	4040
52	24	181	6011	3808	4094
52	25	145	5992	3863	4152
52	26	119	5980	3901	4217
52	27	90	5974	3936	4278
52	28	73	5965	3962	4332
52	29	50	5961	3989	4391
52	30	35	5957	4008	4455
52	31	25	5955	4020	4514
52	32	22	5952	4026	4573
52	33	16	5949	4035	4627
52	34	14	5947	4039	4673
52	35	11	5946	4043	4714
52	36	10	5945	4045	4752
52	37	7	5945	4048	4778
52	38	4	5945	4051	4817
52	39	2	5945	4053	4852
52	40	1	5945	4054	4898
52	41	0	5945	4055	4937
53	0	100	9900	0	0
53	1	197	9803	0	330
53	2	377	9623	0	686
53	3	578	9422	0	943
53	4	791	9209	0	1237
53	5	962	8943	95	1508
53	6	1161	8642	197	1740
53	7	1248	8375	377	1939
53	8	1323	8099	578	2147
53	9	1376	7833	791	2366
53	10	1375	7568	1057	2600
53	11	1305	7337	1358	2754
53	12	1261	7114	1625	2899
53	13	1190	6909	1901	3054
53	14	1082	6751	2167	3198
53	15	967	6601	2432	3317
53	16	868	6469	2663	3417
53	17	746	6368	2886	3511
53	18	630	6279	3091	3610
53	19	559	6192	3249	3701
53	20	464	6137	3399	3779
53	21	370	6099	3531	3880
53	22	304	6064	3632	3955
53	23	241	6038	3721	4040
53	24	181	6011	3808	4094
53	25	145	5992	3863	4152
53	26	119	5980	3901	4217
53	27	90	5974	3936	4278
53	28	73	5965	3962	4332
53	29	50	5961	3989	4391
53	30	35	5957	4008	4455
53	31	25	5955	4020	4514
53	32	22	5952	4026	4573
53	33	16	5949	4035	4627
53	34	14	5947	4039	4673
53	35	11	5946	4043	4714
53	36	10	5945	4045	4752
53	37	7	5945	4048	4778
53	38	4	5945	4051	4817
53	39	2	5945	4053	4852
53	40	1	5945	4054	4898
53	41	0	5945	4055	4937
54	0	100	9900	0	0
54	1	197	9803	0	330
54	2	377	9623	0	686
54	3	578	9422	0	943
54	4	791	9209	0	1237
54	5	962	8943	95	1508
54	6	1161	8642	197	1740
54	7	1248	8375	377	1939
54	8	1323	8099	578	2147
54	9	1376	7833	791	2366
54	10	1375	7568	1057	2600
54	11	1305	7337	1358	2754
54	12	1261	7114	1625	2899
54	13	1190	6909	1901	3054
54	14	1082	6751	2167	3198
54	15	967	6601	2432	3317
54	16	868	6469	2663	3417
54	17	746	6368	2886	3511
54	18	630	6279	3091	3610
54	19	559	6192	3249	3701
54	20	464	6137	3399	3779
54	21	370	6099	3531	3880
54	22	304	6064	3632	3955
54	23	241	6038	3721	4040
54	24	181	6011	3808	4094
54	25	145	5992	3863	4152
54	26	119	5980	3901	4217
54	27	90	5974	3936	4278
54	28	73	5965	3962	4332
54	29	50	5961	3989	4391
54	30	35	5957	4008	4455
54	31	25	5955	4020	4514
54	32	22	5952	4026	4573
54	33	16	5949	4035	4627
54	34	14	5947	4039	4673
54	35	11	5946	4043	4714
54	36	10	5945	4045	4752
54	37	7	5945	4048	4778
54	38	4	5945	4051	4817
54	39	2	5945	4053	4852
54	40	1	5945	4054	4898
54	41	0	5945	4055	4937
55	0	100	9900	0	0
55	1	192	9808	0	451
55	2	366	9634	0	829
55	3	573	9427	0	1137
55	4	800	9200	0	1466
55	5	990	8910	100	1816
55	6	1213	8595	192	2104
55	7	1326	8308	366	2358
55	8	1420	8007	573	2541
55	9	1448	7752	800	2743
55	10	1416	7494	1090	2956
55	11	1307	7288	1405	3113
55	12	1195	7113	1692	3249
55	13	1034	6973	1993	3367
55	14	900	6852	2248	3498
55	15	749	6745	2506	3637
55	16	637	6651	2712	3789
55	17	534	6579	2887	3929
55	18	445	6528	3027	4023
55	19	377	6475	3148	4106
55	20	303	6442	3255	4192
55	21	243	6408	3349	4258
55	22	198	6381	3421	4345
55	23	168	6360	3472	4421
55	24	131	6344	3525	4485
55	25	117	6325	3558	4545
55	26	94	6314	3592	4602
55	27	75	6306	3619	4663
55	28	62	6298	3640	4716
55	29	52	6292	3656	4776
55	30	41	6284	3675	4823
55	31	32	6282	3686	4883
55	32	26	6280	3694	4940
55	33	19	6279	3702	4992
55	34	14	6278	3708	5037
55	35	6	6278	3716	5076
55	36	4	6278	3718	5105
55	37	2	6278	3720	5135
55	38	1	6278	3721	5175
55	39	0	6278	3722	5222
56	0	100	9900	0	0
56	1	192	9808	0	451
56	2	366	9634	0	829
56	3	573	9427	0	1137
56	4	800	9200	0	1466
56	5	990	8910	100	1816
56	6	1213	8595	192	2104
56	7	1326	8308	366	2358
56	8	1420	8007	573	2541
56	9	1448	7752	800	2743
56	10	1416	7494	1090	2956
56	11	1307	7288	1405	3113
56	12	1195	7113	1692	3249
56	13	1034	6973	1993	3367
56	14	900	6852	2248	3498
56	15	749	6745	2506	3637
56	16	637	6651	2712	3789
56	17	534	6579	2887	3929
56	18	445	6528	3027	4023
56	19	377	6475	3148	4106
56	20	303	6442	3255	4192
56	21	243	6408	3349	4258
56	22	198	6381	3421	4345
56	23	168	6360	3472	4421
56	24	131	6344	3525	4485
56	25	117	6325	3558	4545
56	26	94	6314	3592	4602
56	27	75	6306	3619	4663
56	28	62	6298	3640	4716
56	29	52	6292	3656	4776
56	30	41	6284	3675	4823
56	31	32	6282	3686	4883
56	32	26	6280	3694	4940
56	33	19	6279	3702	4992
56	34	14	6278	3708	5037
56	35	6	6278	3716	5076
56	36	4	6278	3718	5105
56	37	2	6278	3720	5135
56	38	1	6278	3721	5175
56	39	0	6278	3722	5222
57	0	100	9900	0	0
57	1	192	9808	0	451
57	2	366	9634	0	829
57	3	573	9427	0	1137
57	4	800	9200	0	1466
57	5	990	8910	100	1816
57	6	1213	8595	192	2104
57	7	1326	8308	366	2358
57	8	1420	8007	573	2541
57	9	1448	7752	800	2743
57	10	1416	7494	1090	2956
57	11	1307	7288	1405	3113
57	12	1195	7113	1692	3249
57	13	1034	6973	1993	3367
57	14	900	6852	2248	3498
57	15	749	6745	2506	3637
57	16	637	6651	2712	3789
57	17	534	6579	2887	3929
57	18	445	6528	3027	4023
57	19	377	6475	3148	4106
57	20	303	6442	3255	4192
57	21	243	6408	3349	4258
57	22	198	6381	3421	4345
57	23	168	6360	3472	4421
57	24	131	6344	3525	4485
57	25	117	6325	3558	4545
57	26	94	6314	3592	4602
57	27	75	6306	3619	4663
57	28	62	6298	3640	4716
57	29	52	6292	3656	4776
57	30	41	6284	3675	4823
57	31	32	6282	3686	4883
57	32	26	6280	3694	4940
57	33	19	6279	3702	4992
57	34	14	6278	3708	5037
57	35	6	6278	3716	5076
57	36	4	6278	3718	5105
57	37	2	6278	3720	5135
57	38	1	6278	3721	5175
57	39	0	6278	3722	5222
58	0	100	9900	0	0
58	1	192	9808	0	451
58	2	366	9634	0	829
58	3	573	9427	0	1137
58	4	800	9200	0	1466
58	5	990	8910	100	1816
58	6	1213	8595	192	2104
58	7	1326	8308	366	2358
58	8	1420	8007	573	2541
58	9	1448	7752	800	2743
58	10	1416	7494	1090	2956
58	11	1307	7288	1405	3113
58	12	1195	7113	1692	3249
58	13	1034	6973	1993	3367
58	14	900	6852	2248	3498
58	15	749	6745	2506	3637
58	16	637	6651	2712	3789
58	17	534	6579	2887	3929
58	18	445	6528	3027	4023
58	19	377	6475	3148	4106
58	20	303	6442	3255	4192
58	21	243	6408	3349	4258
58	22	198	6381	3421	4345
58	23	168	6360	3472	4421
58	24	131	6344	3525	4485
58	25	117	6325	3558	4545
58	26	94	6314	3592	4602
58	27	75	6306	3619	4663
58	28	62	6298	3640	4716
58	29	52	6292	3656	4776
58	30	41	6284	3675	4823
58	31	32	6282	3686	4883
58	32	26	6280	3694	4940
58	33	19	6279	3702	4992
58	34	14	6278	3708	5037
58	35	6	6278	3716	5076
58	36	4	6278	3718	5105
58	37	2	6278	3720	5135
58	38	1	6278	3721	5175
58	39	0	6278	3722	5222
59	0	100	9900	0	0
59	1	192	9808	0	451
59	2	366	9634	0	829
59	3	573	9427	0	1137
59	4	800	9200	0	1466
59	5	990	8910	100	1816
59	6	1213	8595	192	2104
59	7	1326	8308	366	2358
59	8	1420	8007	573	2541
59	9	1448	7752	800	2743
59	10	1416	7494	1090	2956
59	11	1307	7288	1405	3113
59	12	1195	7113	1692	3249
59	13	1034	6973	1993	3367
59	14	900	6852	2248	3498
59	15	749	6745	2506	3637
59	16	637	6651	2712	3789
59	17	534	6579	2887	3929
59	18	445	6528	3027	4023
59	19	377	6475	3148	4106
59	20	303	6442	3255	4192
59	21	243	6408	3349	4258
59	22	198	6381	3421	4345
59	23	168	6360	3472	4421
59	24	131	6344	3525	4485
59	25	117	6325	3558	4545
59	26	94	6314	3592	4602
59	27	75	6306	3619	4663
59	28	62	6298	3640	4716
59	29	52	6292	3656	4776
59	30	41	6284	3675	4823
59	31	32	6282	3686	4883
59	32	26	6280	3694	4940
59	33	19	6279	3702	4992
59	34	14	6278	3708	5037
59	35	6	6278	3716	5076
59	36	4	6278	3718	5105
59	37	2	6278	3720	5135
59	38	1	6278	3721	5175
59	39	0	6278	3722	5222
60	0	100	9900	0	0
60	1	197	9803	0	385
60	2	318	9682	0	789
60	3	503	9497	0	1140
60	4	713	9287	0	1486
60	5	848	9067	85	1764
60	6	969	8834	197	1952
60	7	1064	8618	318	2178
60	8	1100	8397	503	2426
60	9	1083	8204	713	2604
60	10	1053	8014	933	2808
60	11	999	7835	1166	3001
60	12	930	7688	1382	3226
60	13	868	7529	1603	3413
60	14	810	7394	1796	3587
60	15	752	7262	1986	3730
60	16	660	7175	2165	3844
60	17	594	7094	2312	3950
60	18	491	7038	2471	4083
60	19	432	6962	2606	4183
60	20	362	6900	2738	4268
60	21	306	6869	2825	4327
60	22	247	6847	2906	4411
60	23	221	6817	2962	4499
60	24	162	6800	3038	4598
60	25	120	6780	3100	4682
60	26	104	6765	3131	4755
60	27	90	6757	3153	4843
60	28	67	6750	3183	4912
60	29	53	6747	3200	4989
60	30	38	6742	3220	5049
60	31	25	6740	3235	5119
60	32	20	6737	3243	5181
60	33	15	6735	3250	5232
60	34	12	6735	3253	5287
60	35	7	6735	3258	5331
60	36	5	6735	3260	5367
60	37	2	6735	3263	5415
60	38	0	6735	3265	5453
61	0	100	9900	0	0
61	1	197	9803	0	385
61	2	318	9682	0	789
61	3	503	9497	0	1140
61	4	713	9287	0	1486
61	5	848	9067	85	1764
61	6	969	8834	197	1952
61	7	1064	8618	318	2178
61	8	1100	8397	503	2426
61	9	1083	8204	713	2604
61	10	1053	8014	933	2808
61	11	999	7835	1166	3001
61	12	930	7688	1382	3226
61	13	868	7529	1603	3413
61	14	810	7394	1796	3587
61	15	752	7262	1986	3730
61	16	660	7175	2165	3844
61	17	594	7094	2312	3950
61	18	491	7038	2471	4083
61	19	432	6962	2606	4183
61	20	362	6900	2738	4268
61	21	306	6869	2825	4327
61	22	247	6847	2906	4411
61	23	221	6817	2962	4499
61	24	162	6800	3038	4598
61	25	120	6780	3100	4682
61	26	104	6765	3131	4755
61	27	90	6757	3153	4843
61	28	67	6750	3183	4912
61	29	53	6747	3200	4989
61	30	38	6742	3220	5049
61	31	25	6740	3235	5119
61	32	20	6737	3243	5181
61	33	15	6735	3250	5232
61	34	12	6735	3253	5287
61	35	7	6735	3258	5331
61	36	5	6735	3260	5367
61	37	2	6735	3263	5415
61	38	0	6735	3265	5453
62	0	100	9900	0	0
62	1	197	9803	0	385
62	2	318	9682	0	789
62	3	503	9497	0	1140
62	4	713	9287	0	1486
62	5	848	9067	85	1764
62	6	969	8834	197	1952
62	7	1064	8618	318	2178
62	8	1100	8397	503	2426
62	9	1083	8204	713	2604
62	10	1053	8014	933	2808
62	11	999	7835	1166	3001
62	12	930	7688	1382	3226
62	13	868	7529	1603	3413
62	14	810	7394	1796	3587
62	15	752	7262	1986	3730
62	16	660	7175	2165	3844
62	17	594	7094	2312	3950
62	18	491	7038	2471	4083
62	19	432	6962	2606	4183
62	20	362	6900	2738	4268
62	21	306	6869	2825	4327
62	22	247	6847	2906	4411
62	23	221	6817	2962	4499
62	24	162	6800	3038	4598
62	25	120	6780	3100	4682
62	26	104	6765	3131	4755
62	27	90	6757	3153	4843
62	28	67	6750	3183	4912
62	29	53	6747	3200	4989
62	30	38	6742	3220	5049
62	31	25	6740	3235	5119
62	32	20	6737	3243	5181
62	33	15	6735	3250	5232
62	34	12	6735	3253	5287
62	35	7	6735	3258	5331
62	36	5	6735	3260	5367
62	37	2	6735	3263	5415
62	38	0	6735	3265	5453
63	0	100	9900	0	0
63	1	197	9803	0	385
63	2	318	9682	0	789
63	3	503	9497	0	1140
63	4	713	9287	0	1486
63	5	848	9067	85	1764
63	6	969	8834	197	1952
63	7	1064	8618	318	2178
63	8	1100	8397	503	2426
63	9	1083	8204	713	2604
63	10	1053	8014	933	2808
63	11	999	7835	1166	3001
63	12	930	7688	1382	3226
63	13	868	7529	1603	3413
63	14	810	7394	1796	3587
63	15	752	7262	1986	3730
63	16	660	7175	2165	3844
63	17	594	7094	2312	3950
63	18	491	7038	2471	4083
63	19	432	6962	2606	4183
63	20	362	6900	2738	4268
63	21	306	6869	2825	4327
63	22	247	6847	2906	4411
63	23	221	6817	2962	4499
63	24	162	6800	3038	4598
63	25	120	6780	3100	4682
63	26	104	6765	3131	4755
63	27	90	6757	3153	4843
63	28	67	6750	3183	4912
63	29	53	6747	3200	4989
63	30	38	6742	3220	5049
63	31	25	6740	3235	5119
63	32	20	6737	3243	5181
63	33	15	6735	3250	5232
63	34	12	6735	3253	5287
63	35	7	6735	3258	5331
63	36	5	6735	3260	5367
63	37	2	6735	3263	5415
63	38	0	6735	3265	5453
64	0	100	9900	0	0
64	1	197	9803	0	385
64	2	318	9682	0	789
64	3	503	9497	0	1140
64	4	713	9287	0	1486
64	5	848	9067	85	1764
64	6	969	8834	197	1952
64	7	1064	8618	318	2178
64	8	1100	8397	503	2426
64	9	1083	8204	713	2604
64	10	1053	8014	933	2808
64	11	999	7835	1166	3001
64	12	930	7688	1382	3226
64	13	868	7529	1603	3413
64	14	810	7394	1796	3587
64	15	752	7262	1986	3730
64	16	660	7175	2165	3844
64	17	594	7094	2312	3950
64	18	491	7038	2471	4083
64	19	432	6962	2606	4183
64	20	362	6900	2738	4268
64	21	306	6869	2825	4327
64	22	247	6847	2906	4411
64	23	221	6817	2962	4499
64	24	162	6800	3038	4598
64	25	120	6780	3100	4682
64	26	104	6765	3131	4755
64	27	90	6757	3153	4843
64	28	67	6750	3183	4912
64	29	53	6747	3200	4989
64	30	38	6742	3220	5049
64	31	25	6740	3235	5119
64	32	20	6737	3243	5181
64	33	15	6735	3250	5232
64	34	12	6735	3253	5287
64	35	7	6735	3258	5331
64	36	5	6735	3260	5367
64	37	2	6735	3263	5415
64	38	0	6735	3265	5453
65	0	100	9900	0	0
65	1	206	9794	0	289
65	2	376	9624	0	680
65	3	614	9386	0	1097
65	4	872	9128	0	1392
65	5	1050	8850	100	1721
65	6	1204	8590	206	1997
65	7	1291	8333	376	2243
65	8	1325	8061	614	2491
65	9	1332	7796	872	2698
65	10	1274	7576	1150	2886
65	11	1198	7392	1410	3055
65	12	1142	7191	1667	3246
65	13	1035	7026	1939	3419
65	14	924	6872	2204	3572
65	15	828	6748	2424	3741
65	16	741	6651	2608	3867
65	17	622	6569	2809	3961
65	18	517	6509	2974	4053
65	19	415	6457	3128	4144
65	20	332	6416	3252	4219
65	21	268	6383	3349	4302
65	22	205	6364	3431	4366
65	23	164	6345	3491	4438
65	24	129	6328	3543	4510
65	25	97	6319	3584	4562
65	26	67	6316	3617	4628
65	27	54	6310	3636	4680
65	28	38	6307	3655	4730
65	29	28	6300	3672	4778
65	30	22	6297	3681	4835
65	31	22	6294	3684	4880
65	32	17	6293	3690	4925
65	33	14	6293	3693	4978
65	34	7	6293	3700	5010
65	35	4	6293	3703	5051
65	36	1	6293	3706	5083
65	37	0	6293	3707	5120
66	0	100	9900	0	0
66	1	206	9794	0	289
66	2	376	9624	0	680
66	3	614	9386	0	1097
66	4	872	9128	0	1392
66	5	1050	8850	100	1721
66	6	1204	8590	206	1997
66	7	1291	8333	376	2243
66	8	1325	8061	614	2491
66	9	1332	7796	872	2698
66	10	1274	7576	1150	2886
66	11	1198	7392	1410	3055
66	12	1142	7191	1667	3246
66	13	1035	7026	1939	3419
66	14	924	6872	2204	3572
66	15	828	6748	2424	3741
66	16	741	6651	2608	3867
66	17	622	6569	2809	3961
66	18	517	6509	2974	4053
66	19	415	6457	3128	4144
66	20	332	6416	3252	4219
66	21	268	6383	3349	4302
66	22	205	6364	3431	4366
66	23	164	6345	3491	4438
66	24	129	6328	3543	4510
66	25	97	6319	3584	4562
66	26	67	6316	3617	4628
66	27	54	6310	3636	4680
66	28	38	6307	3655	4730
66	29	28	6300	3672	4778
66	30	22	6297	3681	4835
66	31	22	6294	3684	4880
66	32	17	6293	3690	4925
66	33	14	6293	3693	4978
66	34	7	6293	3700	5010
66	35	4	6293	3703	5051
66	36	1	6293	3706	5083
66	37	0	6293	3707	5120
67	0	100	9900	0	0
67	1	206	9794	0	289
67	2	376	9624	0	680
67	3	614	9386	0	1097
67	4	872	9128	0	1392
67	5	1050	8850	100	1721
67	6	1204	8590	206	1997
67	7	1291	8333	376	2243
67	8	1325	8061	614	2491
67	9	1332	7796	872	2698
67	10	1274	7576	1150	2886
67	11	1198	7392	1410	3055
67	12	1142	7191	1667	3246
67	13	1035	7026	1939	3419
67	14	924	6872	2204	3572
67	15	828	6748	2424	3741
67	16	741	6651	2608	3867
67	17	622	6569	2809	3961
67	18	517	6509	2974	4053
67	19	415	6457	3128	4144
67	20	332	6416	3252	4219
67	21	268	6383	3349	4302
67	22	205	6364	3431	4366
67	23	164	6345	3491	4438
67	24	129	6328	3543	4510
67	25	97	6319	3584	4562
67	26	67	6316	3617	4628
67	27	54	6310	3636	4680
67	28	38	6307	3655	4730
67	29	28	6300	3672	4778
67	30	22	6297	3681	4835
67	31	22	6294	3684	4880
67	32	17	6293	3690	4925
67	33	14	6293	3693	4978
67	34	7	6293	3700	5010
67	35	4	6293	3703	5051
67	36	1	6293	3706	5083
67	37	0	6293	3707	5120
68	0	100	9900	0	0
68	1	206	9794	0	289
68	2	376	9624	0	680
68	3	614	9386	0	1097
68	4	872	9128	0	1392
68	5	1050	8850	100	1721
68	6	1204	8590	206	1997
68	7	1291	8333	376	2243
68	8	1325	8061	614	2491
68	9	1332	7796	872	2698
68	10	1274	7576	1150	2886
68	11	1198	7392	1410	3055
68	12	1142	7191	1667	3246
68	13	1035	7026	1939	3419
68	14	924	6872	2204	3572
68	15	828	6748	2424	3741
68	16	741	6651	2608	3867
68	17	622	6569	2809	3961
68	18	517	6509	2974	4053
68	19	415	6457	3128	4144
68	20	332	6416	3252	4219
68	21	268	6383	3349	4302
68	22	205	6364	3431	4366
68	23	164	6345	3491	4438
68	24	129	6328	3543	4510
68	25	97	6319	3584	4562
68	26	67	6316	3617	4628
68	27	54	6310	3636	4680
68	28	38	6307	3655	4730
68	29	28	6300	3672	4778
68	30	22	6297	3681	4835
68	31	22	6294	3684	4880
68	32	17	6293	3690	4925
68	33	14	6293	3693	4978
68	34	7	6293	3700	5010
68	35	4	6293	3703	5051
68	36	1	6293	3706	5083
68	37	0	6293	3707	5120
69	0	100	9900	0	0
69	1	206	9794	0	289
69	2	376	9624	0	680
69	3	614	9386	0	1097
69	4	872	9128	0	1392
69	5	1050	8850	100	1721
69	6	1204	8590	206	1997
69	7	1291	8333	376	2243
69	8	1325	8061	614	2491
69	9	1332	7796	872	2698
69	10	1274	7576	1150	2886
69	11	1198	7392	1410	3055
69	12	1142	7191	1667	3246
69	13	1035	7026	1939	3419
69	14	924	6872	2204	3572
69	15	828	6748	2424	3741
69	16	741	6651	2608	3867
69	17	622	6569	2809	3961
69	18	517	6509	2974	4053
69	19	415	6457	3128	4144
69	20	332	6416	3252	4219
69	21	268	6383	3349	4302
69	22	205	6364	3431	4366
69	23	164	6345	3491	4438
69	24	129	6328	3543	4510
69	25	97	6319	3584	4562
69	26	67	6316	3617	4628
69	27	54	6310	3636	4680
69	28	38	6307	3655	4730
69	29	28	6300	3672	4778
69	30	22	6297	3681	4835
69	31	22	6294	3684	4880
69	32	17	6293	3690	4925
69	33	14	6293	3693	4978
69	34	7	6293	3700	5010
69	35	4	6293	3703	5051
69	36	1	6293	3706	5083
69	37	0	6293	3707	5120
70	0	100	9900	0	0
70	1	206	9794	0	289
70	2	376	9624	0	680
70	3	614	9386	0	1097
70	4	872	9128	0	1392
70	5	1050	8850	100	1721
70	6	1204	8590	206	1997
70	7	1291	8333	376	2243
70	8	1325	8061	614	2491
70	9	1332	7796	872	2698
70	10	1274	7576	1150	2886
70	11	1198	7392	1410	3055
70	12	1142	7191	1667	3246
70	13	1035	7026	1939	3419
70	14	924	6872	2204	3572
70	15	828	6748	2424	3741
70	16	741	6651	2608	3867
70	17	622	6569	2809	3961
70	18	517	6509	2974	4053
70	19	415	6457	3128	4144
70	20	332	6416	3252	4219
70	21	268	6383	3349	4302
70	22	205	6364	3431	4366
70	23	164	6345	3491	4438
70	24	129	6328	3543	4510
70	25	97	6319	3584	4562
70	26	67	6316	3617	4628
70	27	54	6310	3636	4680
70	28	38	6307	3655	4730
70	29	28	6300	3672	4778
70	30	22	6297	3681	4835
70	31	22	6294	3684	4880
70	32	17	6293	3690	4925
70	33	14	6293	3693	4978
70	34	7	6293	3700	5010
70	35	4	6293	3703	5051
70	36	1	6293	3706	5083
70	37	0	6293	3707	5120
71	0	100	9900	0	0
71	1	214	9786	0	304
71	2	372	9628	0	594
71	3	590	9410	0	888
71	4	824	9176	0	1233
71	5	971	8929	100	1484
71	6	1142	8644	214	1739
71	7	1251	8377	372	1977
71	8	1274	8136	590	2222
71	9	1284	7892	824	2474
71	10	1267	7662	1071	2653
71	11	1191	7453	1356	2855
71	12	1099	7278	1623	2996
71	13	1026	7110	1864	3165
71	14	916	6976	2108	3300
71	15	812	6850	2338	3427
71	16	687	6766	2547	3545
71	17	600	6678	2722	3675
71	18	500	6610	2890	3794
71	19	427	6549	3024	3914
71	20	354	6496	3150	4016
71	21	313	6453	3234	4097
71	22	252	6426	3322	4176
71	23	215	6395	3390	4276
71	24	168	6381	3451	4366
71	25	128	6368	3504	4446
71	26	97	6356	3547	4501
71	27	83	6343	3574	4563
71	28	62	6333	3605	4640
71	29	57	6324	3619	4712
71	30	49	6319	3632	4783
71	31	40	6316	3644	4837
71	32	27	6316	3657	4889
71	33	19	6314	3667	4937
71	34	10	6314	3676	4981
71	35	5	6314	3681	5029
71	36	3	6313	3684	5075
71	37	3	6313	3684	5116
71	38	1	6313	3686	5159
71	39	1	6313	3686	5194
71	40	1	6313	3686	5232
71	41	0	6313	3687	5272
72	0	100	9900	0	0
72	1	214	9786	0	304
72	2	372	9628	0	594
72	3	590	9410	0	888
72	4	824	9176	0	1233
72	5	971	8929	100	1484
72	6	1142	8644	214	1739
72	7	1251	8377	372	1977
72	8	1274	8136	590	2222
72	9	1284	7892	824	2474
72	10	1267	7662	1071	2653
72	11	1191	7453	1356	2855
72	12	1099	7278	1623	2996
72	13	1026	7110	1864	3165
72	14	916	6976	2108	3300
72	15	812	6850	2338	3427
72	16	687	6766	2547	3545
72	17	600	6678	2722	3675
72	18	500	6610	2890	3794
72	19	427	6549	3024	3914
72	20	354	6496	3150	4016
72	21	313	6453	3234	4097
72	22	252	6426	3322	4176
72	23	215	6395	3390	4276
72	24	168	6381	3451	4366
72	25	128	6368	3504	4446
72	26	97	6356	3547	4501
72	27	83	6343	3574	4563
72	28	62	6333	3605	4640
72	29	57	6324	3619	4712
72	30	49	6319	3632	4783
72	31	40	6316	3644	4837
72	32	27	6316	3657	4889
72	33	19	6314	3667	4937
72	34	10	6314	3676	4981
72	35	5	6314	3681	5029
72	36	3	6313	3684	5075
72	37	3	6313	3684	5116
72	38	1	6313	3686	5159
72	39	1	6313	3686	5194
72	40	1	6313	3686	5232
72	41	0	6313	3687	5272
73	0	100	9900	0	0
73	1	214	9786	0	304
73	2	372	9628	0	594
73	3	590	9410	0	888
73	4	824	9176	0	1233
73	5	971	8929	100	1484
73	6	1142	8644	214	1739
73	7	1251	8377	372	1977
73	8	1274	8136	590	2222
73	9	1284	7892	824	2474
73	10	1267	7662	1071	2653
73	11	1191	7453	1356	2855
73	12	1099	7278	1623	2996
73	13	1026	7110	1864	3165
73	14	916	6976	2108	3300
73	15	812	6850	2338	3427
73	16	687	6766	2547	3545
73	17	600	6678	2722	3675
73	18	500	6610	2890	3794
73	19	427	6549	3024	3914
73	20	354	6496	3150	4016
73	21	313	6453	3234	4097
73	22	252	6426	3322	4176
73	23	215	6395	3390	4276
73	24	168	6381	3451	4366
73	25	128	6368	3504	4446
73	26	97	6356	3547	4501
73	27	83	6343	3574	4563
73	28	62	6333	3605	4640
73	29	57	6324	3619	4712
73	30	49	6319	3632	4783
73	31	40	6316	3644	4837
73	32	27	6316	3657	4889
73	33	19	6314	3667	4937
73	34	10	6314	3676	4981
73	35	5	6314	3681	5029
73	36	3	6313	3684	5075
73	37	3	6313	3684	5116
73	38	1	6313	3686	5159
73	39	1	6313	3686	5194
73	40	1	6313	3686	5232
73	41	0	6313	3687	5272
74	0	100	9900	0	0
74	1	214	9786	0	304
74	2	372	9628	0	594
74	3	590	9410	0	888
74	4	824	9176	0	1233
74	5	971	8929	100	1484
74	6	1142	8644	214	1739
74	7	1251	8377	372	1977
74	8	1274	8136	590	2222
74	9	1284	7892	824	2474
74	10	1267	7662	1071	2653
74	11	1191	7453	1356	2855
74	12	1099	7278	1623	2996
74	13	1026	7110	1864	3165
74	14	916	6976	2108	3300
74	15	812	6850	2338	3427
74	16	687	6766	2547	3545
74	17	600	6678	2722	3675
74	18	500	6610	2890	3794
74	19	427	6549	3024	3914
74	20	354	6496	3150	4016
74	21	313	6453	3234	4097
74	22	252	6426	3322	4176
74	23	215	6395	3390	4276
74	24	168	6381	3451	4366
74	25	128	6368	3504	4446
74	26	97	6356	3547	4501
74	27	83	6343	3574	4563
74	28	62	6333	3605	4640
74	29	57	6324	3619	4712
74	30	49	6319	3632	4783
74	31	40	6316	3644	4837
74	32	27	6316	3657	4889
74	33	19	6314	3667	4937
74	34	10	6314	3676	4981
74	35	5	6314	3681	5029
74	36	3	6313	3684	5075
74	37	3	6313	3684	5116
74	38	1	6313	3686	5159
74	39	1	6313	3686	5194
74	40	1	6313	3686	5232
74	41	0	6313	3687	5272
75	0	100	9900	0	0
75	1	214	9786	0	304
75	2	372	9628	0	594
75	3	590	9410	0	888
75	4	824	9176	0	1233
75	5	971	8929	100	1484
75	6	1142	8644	214	1739
75	7	1251	8377	372	1977
75	8	1274	8136	590	2222
75	9	1284	7892	824	2474
75	10	1267	7662	1071	2653
75	11	1191	7453	1356	2855
75	12	1099	7278	1623	2996
75	13	1026	7110	1864	3165
75	14	916	6976	2108	3300
75	15	812	6850	2338	3427
75	16	687	6766	2547	3545
75	17	600	6678	2722	3675
75	18	500	6610	2890	3794
75	19	427	6549	3024	3914
75	20	354	6496	3150	4016
75	21	313	6453	3234	4097
75	22	252	6426	3322	4176
75	23	215	6395	3390	4276
75	24	168	6381	3451	4366
75	25	128	6368	3504	4446
75	26	97	6356	3547	4501
75	27	83	6343	3574	4563
75	28	62	6333	3605	4640
75	29	57	6324	3619	4712
75	30	49	6319	3632	4783
75	31	40	6316	3644	4837
75	32	27	6316	3657	4889
75	33	19	6314	3667	4937
75	34	10	6314	3676	4981
75	35	5	6314	3681	5029
75	36	3	6313	3684	5075
75	37	3	6313	3684	5116
75	38	1	6313	3686	5159
75	39	1	6313	3686	5194
75	40	1	6313	3686	5232
75	41	0	6313	3687	5272
76	0	100	9900	0	0
76	1	207	9793	0	354
76	2	351	9649	0	636
76	3	554	9446	0	969
76	4	780	9220	0	1201
76	5	921	8979	100	1566
76	6	1040	8753	207	1833
76	7	1149	8500	351	2122
76	8	1180	8266	554	2319
76	9	1214	8006	780	2580
76	10	1195	7784	1021	2797
76	11	1157	7596	1247	2972
76	12	1061	7439	1500	3131
76	13	972	7294	1734	3286
76	14	836	7170	1994	3419
76	15	727	7057	2216	3560
76	16	628	6968	2404	3709
76	17	557	6882	2561	3816
76	18	480	6814	2706	3954
76	19	418	6752	2830	4058
76	20	357	6700	2943	4143
76	21	294	6674	3032	4221
76	22	245	6637	3118	4301
76	23	211	6603	3186	4393
76	24	175	6577	3248	4465
76	25	143	6557	3300	4546
76	26	129	6545	3326	4616
76	27	99	6538	3363	4700
76	28	76	6527	3397	4762
76	29	54	6523	3423	4816
76	30	37	6520	3443	4869
76	31	26	6519	3455	4925
76	32	21	6517	3462	4969
76	33	12	6515	3473	5020
76	34	8	6515	3477	5066
76	35	5	6515	3480	5108
76	36	4	6515	3481	5146
76	37	2	6515	3483	5192
76	38	0	6515	3485	5242
77	0	100	9900	0	0
77	1	207	9793	0	354
77	2	351	9649	0	636
77	3	554	9446	0	969
77	4	780	9220	0	1201
77	5	921	8979	100	1566
77	6	1040	8753	207	1833
77	7	1149	8500	351	2122
77	8	1180	8266	554	2319
77	9	1214	8006	780	2580
77	10	1195	7784	1021	2797
77	11	1157	7596	1247	2972
77	12	1061	7439	1500	3131
77	13	972	7294	1734	3286
77	14	836	7170	1994	3419
77	15	727	7057	2216	3560
77	16	628	6968	2404	3709
77	17	557	6882	2561	3816
77	18	480	6814	2706	3954
77	19	418	6752	2830	4058
77	20	357	6700	2943	4143
77	21	294	6674	3032	4221
77	22	245	6637	3118	4301
77	23	211	6603	3186	4393
77	24	175	6577	3248	4465
77	25	143	6557	3300	4546
77	26	129	6545	3326	4616
77	27	99	6538	3363	4700
77	28	76	6527	3397	4762
77	29	54	6523	3423	4816
77	30	37	6520	3443	4869
77	31	26	6519	3455	4925
77	32	21	6517	3462	4969
77	33	12	6515	3473	5020
77	34	8	6515	3477	5066
77	35	5	6515	3480	5108
77	36	4	6515	3481	5146
77	37	2	6515	3483	5192
77	38	0	6515	3485	5242
78	0	100	9900	0	0
78	1	207	9793	0	354
78	2	351	9649	0	636
78	3	554	9446	0	969
78	4	780	9220	0	1201
78	5	921	8979	100	1566
78	6	1040	8753	207	1833
78	7	1149	8500	351	2122
78	8	1180	8266	554	2319
78	9	1214	8006	780	2580
78	10	1195	7784	1021	2797
78	11	1157	7596	1247	2972
78	12	1061	7439	1500	3131
78	13	972	7294	1734	3286
78	14	836	7170	1994	3419
78	15	727	7057	2216	3560
78	16	628	6968	2404	3709
78	17	557	6882	2561	3816
78	18	480	6814	2706	3954
78	19	418	6752	2830	4058
78	20	357	6700	2943	4143
78	21	294	6674	3032	4221
78	22	245	6637	3118	4301
78	23	211	6603	3186	4393
78	24	175	6577	3248	4465
78	25	143	6557	3300	4546
78	26	129	6545	3326	4616
78	27	99	6538	3363	4700
78	28	76	6527	3397	4762
78	29	54	6523	3423	4816
78	30	37	6520	3443	4869
78	31	26	6519	3455	4925
78	32	21	6517	3462	4969
78	33	12	6515	3473	5020
78	34	8	6515	3477	5066
78	35	5	6515	3480	5108
78	36	4	6515	3481	5146
78	37	2	6515	3483	5192
78	38	0	6515	3485	5242
79	0	100	9900	0	0
79	1	207	9793	0	354
79	2	351	9649	0	636
79	3	554	9446	0	969
79	4	780	9220	0	1201
79	5	921	8979	100	1566
79	6	1040	8753	207	1833
79	7	1149	8500	351	2122
79	8	1180	8266	554	2319
79	9	1214	8006	780	2580
79	10	1195	7784	1021	2797
79	11	1157	7596	1247	2972
79	12	1061	7439	1500	3131
79	13	972	7294	1734	3286
79	14	836	7170	1994	3419
79	15	727	7057	2216	3560
79	16	628	6968	2404	3709
79	17	557	6882	2561	3816
79	18	480	6814	2706	3954
79	19	418	6752	2830	4058
79	20	357	6700	2943	4143
79	21	294	6674	3032	4221
79	22	245	6637	3118	4301
79	23	211	6603	3186	4393
79	24	175	6577	3248	4465
79	25	143	6557	3300	4546
79	26	129	6545	3326	4616
79	27	99	6538	3363	4700
79	28	76	6527	3397	4762
79	29	54	6523	3423	4816
79	30	37	6520	3443	4869
79	31	26	6519	3455	4925
79	32	21	6517	3462	4969
79	33	12	6515	3473	5020
79	34	8	6515	3477	5066
79	35	5	6515	3480	5108
79	36	4	6515	3481	5146
79	37	2	6515	3483	5192
79	38	0	6515	3485	5242
80	0	100	9900	0	0
80	1	207	9793	0	354
80	2	351	9649	0	636
80	3	554	9446	0	969
80	4	780	9220	0	1201
80	5	921	8979	100	1566
80	6	1040	8753	207	1833
80	7	1149	8500	351	2122
80	8	1180	8266	554	2319
80	9	1214	8006	780	2580
80	10	1195	7784	1021	2797
80	11	1157	7596	1247	2972
80	12	1061	7439	1500	3131
80	13	972	7294	1734	3286
80	14	836	7170	1994	3419
80	15	727	7057	2216	3560
80	16	628	6968	2404	3709
80	17	557	6882	2561	3816
80	18	480	6814	2706	3954
80	19	418	6752	2830	4058
80	20	357	6700	2943	4143
80	21	294	6674	3032	4221
80	22	245	6637	3118	4301
80	23	211	6603	3186	4393
80	24	175	6577	3248	4465
80	25	143	6557	3300	4546
80	26	129	6545	3326	4616
80	27	99	6538	3363	4700
80	28	76	6527	3397	4762
80	29	54	6523	3423	4816
80	30	37	6520	3443	4869
80	31	26	6519	3455	4925
80	32	21	6517	3462	4969
80	33	12	6515	3473	5020
80	34	8	6515	3477	5066
80	35	5	6515	3480	5108
80	36	4	6515	3481	5146
80	37	2	6515	3483	5192
80	38	0	6515	3485	5242
81	0	100	9900	0	0
81	1	207	9793	0	354
81	2	351	9649	0	636
81	3	554	9446	0	969
81	4	780	9220	0	1201
81	5	921	8979	100	1566
81	6	1040	8753	207	1833
81	7	1149	8500	351	2122
81	8	1180	8266	554	2319
81	9	1214	8006	780	2580
81	10	1195	7784	1021	2797
81	11	1157	7596	1247	2972
81	12	1061	7439	1500	3131
81	13	972	7294	1734	3286
81	14	836	7170	1994	3419
81	15	727	7057	2216	3560
81	16	628	6968	2404	3709
81	17	557	6882	2561	3816
81	18	480	6814	2706	3954
81	19	418	6752	2830	4058
81	20	357	6700	2943	4143
81	21	294	6674	3032	4221
81	22	245	6637	3118	4301
81	23	211	6603	3186	4393
81	24	175	6577	3248	4465
81	25	143	6557	3300	4546
81	26	129	6545	3326	4616
81	27	99	6538	3363	4700
81	28	76	6527	3397	4762
81	29	54	6523	3423	4816
81	30	37	6520	3443	4869
81	31	26	6519	3455	4925
81	32	21	6517	3462	4969
81	33	12	6515	3473	5020
81	34	8	6515	3477	5066
81	35	5	6515	3480	5108
81	36	4	6515	3481	5146
81	37	2	6515	3483	5192
81	38	0	6515	3485	5242
82	0	100	9900	0	0
82	1	229	9771	0	346
82	2	421	9579	0	779
82	3	649	9351	0	1231
82	4	888	9112	0	1480
82	5	1054	8846	100	1743
82	6	1185	8586	229	2079
82	7	1226	8353	421	2299
82	8	1206	8145	649	2526
82	9	1173	7939	888	2746
82	10	1084	7762	1154	2966
82	11	983	7603	1414	3171
82	12	896	7457	1647	3296
82	13	829	7316	1855	3473
82	14	733	7206	2061	3623
82	15	658	7104	2238	3741
82	16	587	7016	2397	3830
82	17	524	6933	2543	3926
82	18	436	6880	2684	4019
82	19	367	6839	2794	4131
82	20	301	6803	2896	4215
82	21	242	6774	2984	4303
82	22	187	6746	3067	4397
82	23	150	6730	3120	4500
82	24	120	6719	3161	4574
82	25	93	6710	3197	4673
82	26	76	6698	3226	4752
82	27	55	6691	3254	4818
82	28	46	6684	3270	4891
82	29	42	6677	3281	4955
82	30	35	6675	3290	5017
82	31	25	6673	3302	5076
82	32	18	6673	3309	5121
82	33	11	6673	3316	5164
82	34	4	6673	3323	5199
82	35	2	6673	3325	5241
82	36	0	6673	3327	5290
83	0	100	9900	0	0
83	1	229	9771	0	346
83	2	421	9579	0	779
83	3	649	9351	0	1231
83	4	888	9112	0	1480
83	5	1054	8846	100	1743
83	6	1185	8586	229	2079
83	7	1226	8353	421	2299
83	8	1206	8145	649	2526
83	9	1173	7939	888	2746
83	10	1084	7762	1154	2966
83	11	983	7603	1414	3171
83	12	896	7457	1647	3296
83	13	829	7316	1855	3473
83	14	733	7206	2061	3623
83	15	658	7104	2238	3741
83	16	587	7016	2397	3830
83	17	524	6933	2543	3926
83	18	436	6880	2684	4019
83	19	367	6839	2794	4131
83	20	301	6803	2896	4215
83	21	242	6774	2984	4303
83	22	187	6746	3067	4397
83	23	150	6730	3120	4500
83	24	120	6719	3161	4574
83	25	93	6710	3197	4673
83	26	76	6698	3226	4752
83	27	55	6691	3254	4818
83	28	46	6684	3270	4891
83	29	42	6677	3281	4955
83	30	35	6675	3290	5017
83	31	25	6673	3302	5076
83	32	18	6673	3309	5121
83	33	11	6673	3316	5164
83	34	4	6673	3323	5199
83	35	2	6673	3325	5241
83	36	0	6673	3327	5290
84	0	100	9900	0	0
84	1	229	9771	0	346
84	2	421	9579	0	779
84	3	649	9351	0	1231
84	4	888	9112	0	1480
84	5	1054	8846	100	1743
84	6	1185	8586	229	2079
84	7	1226	8353	421	2299
84	8	1206	8145	649	2526
84	9	1173	7939	888	2746
84	10	1084	7762	1154	2966
84	11	983	7603	1414	3171
84	12	896	7457	1647	3296
84	13	829	7316	1855	3473
84	14	733	7206	2061	3623
84	15	658	7104	2238	3741
84	16	587	7016	2397	3830
84	17	524	6933	2543	3926
84	18	436	6880	2684	4019
84	19	367	6839	2794	4131
84	20	301	6803	2896	4215
84	21	242	6774	2984	4303
84	22	187	6746	3067	4397
84	23	150	6730	3120	4500
84	24	120	6719	3161	4574
84	25	93	6710	3197	4673
84	26	76	6698	3226	4752
84	27	55	6691	3254	4818
84	28	46	6684	3270	4891
84	29	42	6677	3281	4955
84	30	35	6675	3290	5017
84	31	25	6673	3302	5076
84	32	18	6673	3309	5121
84	33	11	6673	3316	5164
84	34	4	6673	3323	5199
84	35	2	6673	3325	5241
84	36	0	6673	3327	5290
85	0	100	9900	0	0
85	1	229	9771	0	346
85	2	421	9579	0	779
85	3	649	9351	0	1231
85	4	888	9112	0	1480
85	5	1054	8846	100	1743
85	6	1185	8586	229	2079
85	7	1226	8353	421	2299
85	8	1206	8145	649	2526
85	9	1173	7939	888	2746
85	10	1084	7762	1154	2966
85	11	983	7603	1414	3171
85	12	896	7457	1647	3296
85	13	829	7316	1855	3473
85	14	733	7206	2061	3623
85	15	658	7104	2238	3741
85	16	587	7016	2397	3830
85	17	524	6933	2543	3926
85	18	436	6880	2684	4019
85	19	367	6839	2794	4131
85	20	301	6803	2896	4215
85	21	242	6774	2984	4303
85	22	187	6746	3067	4397
85	23	150	6730	3120	4500
85	24	120	6719	3161	4574
85	25	93	6710	3197	4673
85	26	76	6698	3226	4752
85	27	55	6691	3254	4818
85	28	46	6684	3270	4891
85	29	42	6677	3281	4955
85	30	35	6675	3290	5017
85	31	25	6673	3302	5076
85	32	18	6673	3309	5121
85	33	11	6673	3316	5164
85	34	4	6673	3323	5199
85	35	2	6673	3325	5241
85	36	0	6673	3327	5290
86	0	100	9900	0	0
86	1	229	9771	0	346
86	2	421	9579	0	779
86	3	649	9351	0	1231
86	4	888	9112	0	1480
86	5	1054	8846	100	1743
86	6	1185	8586	229	2079
86	7	1226	8353	421	2299
86	8	1206	8145	649	2526
86	9	1173	7939	888	2746
86	10	1084	7762	1154	2966
86	11	983	7603	1414	3171
86	12	896	7457	1647	3296
86	13	829	7316	1855	3473
86	14	733	7206	2061	3623
86	15	658	7104	2238	3741
86	16	587	7016	2397	3830
86	17	524	6933	2543	3926
86	18	436	6880	2684	4019
86	19	367	6839	2794	4131
86	20	301	6803	2896	4215
86	21	242	6774	2984	4303
86	22	187	6746	3067	4397
86	23	150	6730	3120	4500
86	24	120	6719	3161	4574
86	25	93	6710	3197	4673
86	26	76	6698	3226	4752
86	27	55	6691	3254	4818
86	28	46	6684	3270	4891
86	29	42	6677	3281	4955
86	30	35	6675	3290	5017
86	31	25	6673	3302	5076
86	32	18	6673	3309	5121
86	33	11	6673	3316	5164
86	34	4	6673	3323	5199
86	35	2	6673	3325	5241
86	36	0	6673	3327	5290
87	0	100	9900	0	0
87	1	203	9797	0	485
87	2	325	9675	0	810
87	3	528	9472	0	1122
87	4	750	9250	0	1464
87	5	878	9022	100	1805
87	6	1000	8797	203	2102
87	7	1091	8584	325	2361
87	8	1131	8341	528	2625
87	9	1125	8125	750	2908
87	10	1070	7952	978	3124
87	11	1001	7796	1203	3311
87	12	932	7652	1416	3463
87	13	815	7526	1659	3607
87	14	711	7414	1875	3760
87	15	616	7336	2048	3925
87	16	516	7280	2204	4070
87	17	454	7198	2348	4205
87	18	388	7138	2474	4333
87	19	317	7097	2586	4455
87	20	269	7067	2664	4569
87	21	235	7045	2720	4648
87	22	169	7029	2802	4733
87	23	125	7013	2862	4828
87	24	94	7003	2903	4898
87	25	73	6994	2933	4973
87	26	57	6988	2955	5036
87	27	42	6987	2971	5099
87	28	31	6982	2987	5191
87	29	25	6978	2997	5267
87	30	17	6977	3006	5323
87	31	11	6977	3012	5372
87	32	10	6977	3013	5434
87	33	5	6977	3018	5480
87	34	1	6977	3022	5535
87	35	0	6977	3023	5573
88	0	100	9900	0	0
88	1	203	9797	0	485
88	2	325	9675	0	810
88	3	528	9472	0	1122
88	4	750	9250	0	1464
88	5	878	9022	100	1805
88	6	1000	8797	203	2102
88	7	1091	8584	325	2361
88	8	1131	8341	528	2625
88	9	1125	8125	750	2908
88	10	1070	7952	978	3124
88	11	1001	7796	1203	3311
88	12	932	7652	1416	3463
88	13	815	7526	1659	3607
88	14	711	7414	1875	3760
88	15	616	7336	2048	3925
88	16	516	7280	2204	4070
88	17	454	7198	2348	4205
88	18	388	7138	2474	4333
88	19	317	7097	2586	4455
88	20	269	7067	2664	4569
88	21	235	7045	2720	4648
88	22	169	7029	2802	4733
88	23	125	7013	2862	4828
88	24	94	7003	2903	4898
88	25	73	6994	2933	4973
88	26	57	6988	2955	5036
88	27	42	6987	2971	5099
88	28	31	6982	2987	5191
88	29	25	6978	2997	5267
88	30	17	6977	3006	5323
88	31	11	6977	3012	5372
88	32	10	6977	3013	5434
88	33	5	6977	3018	5480
88	34	1	6977	3022	5535
88	35	0	6977	3023	5573
89	0	100	9900	0	0
89	1	203	9797	0	485
89	2	325	9675	0	810
89	3	528	9472	0	1122
89	4	750	9250	0	1464
89	5	878	9022	100	1805
89	6	1000	8797	203	2102
89	7	1091	8584	325	2361
89	8	1131	8341	528	2625
89	9	1125	8125	750	2908
89	10	1070	7952	978	3124
89	11	1001	7796	1203	3311
89	12	932	7652	1416	3463
89	13	815	7526	1659	3607
89	14	711	7414	1875	3760
89	15	616	7336	2048	3925
89	16	516	7280	2204	4070
89	17	454	7198	2348	4205
89	18	388	7138	2474	4333
89	19	317	7097	2586	4455
89	20	269	7067	2664	4569
89	21	235	7045	2720	4648
89	22	169	7029	2802	4733
89	23	125	7013	2862	4828
89	24	94	7003	2903	4898
89	25	73	6994	2933	4973
89	26	57	6988	2955	5036
89	27	42	6987	2971	5099
89	28	31	6982	2987	5191
89	29	25	6978	2997	5267
89	30	17	6977	3006	5323
89	31	11	6977	3012	5372
89	32	10	6977	3013	5434
89	33	5	6977	3018	5480
89	34	1	6977	3022	5535
89	35	0	6977	3023	5573
90	0	100	9900	0	0
90	1	203	9797	0	485
90	2	325	9675	0	810
90	3	528	9472	0	1122
90	4	750	9250	0	1464
90	5	878	9022	100	1805
90	6	1000	8797	203	2102
90	7	1091	8584	325	2361
90	8	1131	8341	528	2625
90	9	1125	8125	750	2908
90	10	1070	7952	978	3124
90	11	1001	7796	1203	3311
90	12	932	7652	1416	3463
90	13	815	7526	1659	3607
90	14	711	7414	1875	3760
90	15	616	7336	2048	3925
90	16	516	7280	2204	4070
90	17	454	7198	2348	4205
90	18	388	7138	2474	4333
90	19	317	7097	2586	4455
90	20	269	7067	2664	4569
90	21	235	7045	2720	4648
90	22	169	7029	2802	4733
90	23	125	7013	2862	4828
90	24	94	7003	2903	4898
90	25	73	6994	2933	4973
90	26	57	6988	2955	5036
90	27	42	6987	2971	5099
90	28	31	6982	2987	5191
90	29	25	6978	2997	5267
90	30	17	6977	3006	5323
90	31	11	6977	3012	5372
90	32	10	6977	3013	5434
90	33	5	6977	3018	5480
90	34	1	6977	3022	5535
90	35	0	6977	3023	5573
91	0	100	9900	0	0
91	1	203	9797	0	485
91	2	325	9675	0	810
91	3	528	9472	0	1122
91	4	750	9250	0	1464
91	5	878	9022	100	1805
91	6	1000	8797	203	2102
91	7	1091	8584	325	2361
91	8	1131	8341	528	2625
91	9	1125	8125	750	2908
91	10	1070	7952	978	3124
91	11	1001	7796	1203	3311
91	12	932	7652	1416	3463
91	13	815	7526	1659	3607
91	14	711	7414	1875	3760
91	15	616	7336	2048	3925
91	16	516	7280	2204	4070
91	17	454	7198	2348	4205
91	18	388	7138	2474	4333
91	19	317	7097	2586	4455
91	20	269	7067	2664	4569
91	21	235	7045	2720	4648
91	22	169	7029	2802	4733
91	23	125	7013	2862	4828
91	24	94	7003	2903	4898
91	25	73	6994	2933	4973
91	26	57	6988	2955	5036
91	27	42	6987	2971	5099
91	28	31	6982	2987	5191
91	29	25	6978	2997	5267
91	30	17	6977	3006	5323
91	31	11	6977	3012	5372
91	32	10	6977	3013	5434
91	33	5	6977	3018	5480
91	34	1	6977	3022	5535
91	35	0	6977	3023	5573
92	0	100	9900	0	0
92	1	203	9797	0	485
92	2	325	9675	0	810
92	3	528	9472	0	1122
92	4	750	9250	0	1464
92	5	878	9022	100	1805
92	6	1000	8797	203	2102
92	7	1091	8584	325	2361
92	8	1131	8341	528	2625
92	9	1125	8125	750	2908
92	10	1070	7952	978	3124
92	11	1001	7796	1203	3311
92	12	932	7652	1416	3463
92	13	815	7526	1659	3607
92	14	711	7414	1875	3760
92	15	616	7336	2048	3925
92	16	516	7280	2204	4070
92	17	454	7198	2348	4205
92	18	388	7138	2474	4333
92	19	317	7097	2586	4455
92	20	269	7067	2664	4569
92	21	235	7045	2720	4648
92	22	169	7029	2802	4733
92	23	125	7013	2862	4828
92	24	94	7003	2903	4898
92	25	73	6994	2933	4973
92	26	57	6988	2955	5036
92	27	42	6987	2971	5099
92	28	31	6982	2987	5191
92	29	25	6978	2997	5267
92	30	17	6977	3006	5323
92	31	11	6977	3012	5372
92	32	10	6977	3013	5434
92	33	5	6977	3018	5480
92	34	1	6977	3022	5535
92	35	0	6977	3023	5573
93	0	100	9900	0	0
93	1	198	9802	0	309
93	2	332	9668	0	681
93	3	522	9478	0	976
93	4	733	9267	0	1238
93	5	904	8996	100	1579
93	6	1051	8751	198	1903
93	7	1151	8517	332	2161
93	8	1177	8301	522	2410
93	9	1192	8075	733	2628
93	10	1129	7867	1004	2865
93	11	1064	7687	1249	3072
93	12	969	7548	1483	3265
93	13	882	7419	1699	3432
93	14	761	7314	1925	3584
93	15	659	7208	2133	3709
93	16	551	7136	2313	3807
93	17	469	7079	2452	3914
93	18	392	7027	2581	4034
93	19	338	6976	2686	4166
93	20	271	6937	2792	4278
93	21	232	6904	2864	4379
93	22	206	6873	2921	4465
93	23	179	6848	2973	4570
93	24	151	6825	3024	4671
93	25	127	6810	3063	4755
93	26	107	6797	3096	4841
93	27	89	6784	3127	4931
93	28	70	6778	3152	5006
93	29	55	6770	3175	5078
93	30	47	6763	3190	5148
93	31	36	6761	3203	5209
93	32	26	6758	3216	5267
93	33	22	6756	3222	5318
93	34	17	6753	3230	5361
93	35	11	6752	3237	5413
93	36	9	6752	3239	5470
93	37	6	6752	3242	5518
93	38	5	6751	3244	5549
93	39	2	6751	3247	5583
93	40	1	6751	3248	5626
93	41	1	6751	3248	5660
93	42	1	6751	3248	5699
93	43	0	6751	3249	5734
94	0	100	9900	0	0
94	1	198	9802	0	309
94	2	332	9668	0	681
94	3	522	9478	0	976
94	4	733	9267	0	1238
94	5	904	8996	100	1579
94	6	1051	8751	198	1903
94	7	1151	8517	332	2161
94	8	1177	8301	522	2410
94	9	1192	8075	733	2628
94	10	1129	7867	1004	2865
94	11	1064	7687	1249	3072
94	12	969	7548	1483	3265
94	13	882	7419	1699	3432
94	14	761	7314	1925	3584
94	15	659	7208	2133	3709
94	16	551	7136	2313	3807
94	17	469	7079	2452	3914
94	18	392	7027	2581	4034
94	19	338	6976	2686	4166
94	20	271	6937	2792	4278
94	21	232	6904	2864	4379
94	22	206	6873	2921	4465
94	23	179	6848	2973	4570
94	24	151	6825	3024	4671
94	25	127	6810	3063	4755
94	26	107	6797	3096	4841
94	27	89	6784	3127	4931
94	28	70	6778	3152	5006
94	29	55	6770	3175	5078
94	30	47	6763	3190	5148
94	31	36	6761	3203	5209
94	32	26	6758	3216	5267
94	33	22	6756	3222	5318
94	34	17	6753	3230	5361
94	35	11	6752	3237	5413
94	36	9	6752	3239	5470
94	37	6	6752	3242	5518
94	38	5	6751	3244	5549
94	39	2	6751	3247	5583
94	40	1	6751	3248	5626
94	41	1	6751	3248	5660
94	42	1	6751	3248	5699
94	43	0	6751	3249	5734
95	0	100	9900	0	0
95	1	198	9802	0	309
95	2	332	9668	0	681
95	3	522	9478	0	976
95	4	733	9267	0	1238
95	5	904	8996	100	1579
95	6	1051	8751	198	1903
95	7	1151	8517	332	2161
95	8	1177	8301	522	2410
95	9	1192	8075	733	2628
95	10	1129	7867	1004	2865
95	11	1064	7687	1249	3072
95	12	969	7548	1483	3265
95	13	882	7419	1699	3432
95	14	761	7314	1925	3584
95	15	659	7208	2133	3709
95	16	551	7136	2313	3807
95	17	469	7079	2452	3914
95	18	392	7027	2581	4034
95	19	338	6976	2686	4166
95	20	271	6937	2792	4278
95	21	232	6904	2864	4379
95	22	206	6873	2921	4465
95	23	179	6848	2973	4570
95	24	151	6825	3024	4671
95	25	127	6810	3063	4755
95	26	107	6797	3096	4841
95	27	89	6784	3127	4931
95	28	70	6778	3152	5006
95	29	55	6770	3175	5078
95	30	47	6763	3190	5148
95	31	36	6761	3203	5209
95	32	26	6758	3216	5267
95	33	22	6756	3222	5318
95	34	17	6753	3230	5361
95	35	11	6752	3237	5413
95	36	9	6752	3239	5470
95	37	6	6752	3242	5518
95	38	5	6751	3244	5549
95	39	2	6751	3247	5583
95	40	1	6751	3248	5626
95	41	1	6751	3248	5660
95	42	1	6751	3248	5699
95	43	0	6751	3249	5734
96	0	100	9900	0	0
96	1	198	9802	0	309
96	2	332	9668	0	681
96	3	522	9478	0	976
96	4	733	9267	0	1238
96	5	904	8996	100	1579
96	6	1051	8751	198	1903
96	7	1151	8517	332	2161
96	8	1177	8301	522	2410
96	9	1192	8075	733	2628
96	10	1129	7867	1004	2865
96	11	1064	7687	1249	3072
96	12	969	7548	1483	3265
96	13	882	7419	1699	3432
96	14	761	7314	1925	3584
96	15	659	7208	2133	3709
96	16	551	7136	2313	3807
96	17	469	7079	2452	3914
96	18	392	7027	2581	4034
96	19	338	6976	2686	4166
96	20	271	6937	2792	4278
96	21	232	6904	2864	4379
96	22	206	6873	2921	4465
96	23	179	6848	2973	4570
96	24	151	6825	3024	4671
96	25	127	6810	3063	4755
96	26	107	6797	3096	4841
96	27	89	6784	3127	4931
96	28	70	6778	3152	5006
96	29	55	6770	3175	5078
96	30	47	6763	3190	5148
96	31	36	6761	3203	5209
96	32	26	6758	3216	5267
96	33	22	6756	3222	5318
96	34	17	6753	3230	5361
96	35	11	6752	3237	5413
96	36	9	6752	3239	5470
96	37	6	6752	3242	5518
96	38	5	6751	3244	5549
96	39	2	6751	3247	5583
96	40	1	6751	3248	5626
96	41	1	6751	3248	5660
96	42	1	6751	3248	5699
96	43	0	6751	3249	5734
97	0	100	9900	0	0
97	1	198	9802	0	309
97	2	332	9668	0	681
97	3	522	9478	0	976
97	4	733	9267	0	1238
97	5	904	8996	100	1579
97	6	1051	8751	198	1903
97	7	1151	8517	332	2161
97	8	1177	8301	522	2410
97	9	1192	8075	733	2628
97	10	1129	7867	1004	2865
97	11	1064	7687	1249	3072
97	12	969	7548	1483	3265
97	13	882	7419	1699	3432
97	14	761	7314	1925	3584
97	15	659	7208	2133	3709
97	16	551	7136	2313	3807
97	17	469	7079	2452	3914
97	18	392	7027	2581	4034
97	19	338	6976	2686	4166
97	20	271	6937	2792	4278
97	21	232	6904	2864	4379
97	22	206	6873	2921	4465
97	23	179	6848	2973	4570
97	24	151	6825	3024	4671
97	25	127	6810	3063	4755
97	26	107	6797	3096	4841
97	27	89	6784	3127	4931
97	28	70	6778	3152	5006
97	29	55	6770	3175	5078
97	30	47	6763	3190	5148
97	31	36	6761	3203	5209
97	32	26	6758	3216	5267
97	33	22	6756	3222	5318
97	34	17	6753	3230	5361
97	35	11	6752	3237	5413
97	36	9	6752	3239	5470
97	37	6	6752	3242	5518
97	38	5	6751	3244	5549
97	39	2	6751	3247	5583
97	40	1	6751	3248	5626
97	41	1	6751	3248	5660
97	42	1	6751	3248	5699
97	43	0	6751	3249	5734
98	0	100	9900	0	0
98	1	220	9780	0	287
98	2	390	9610	0	638
98	3	587	9413	0	936
98	4	854	9146	0	1302
98	5	1028	8872	100	1583
98	6	1171	8609	220	1851
98	7	1320	8290	390	2076
98	8	1383	8030	587	2394
98	9	1344	7802	854	2619
98	10	1297	7575	1128	2787
98	11	1242	7367	1391	2934
98	12	1098	7192	1710	3080
98	13	998	7032	1970	3208
98	14	905	6897	2198	3335
98	15	795	6780	2425	3412
98	16	679	6688	2633	3526
98	17	587	6605	2808	3625
98	18	493	6539	2968	3726
98	19	411	6486	3103	3834
98	20	339	6441	3220	3937
98	21	279	6409	3312	4037
98	22	235	6370	3395	4145
98	23	195	6344	3461	4227
98	24	171	6315	3514	4314
98	25	143	6298	3559	4386
98	26	125	6284	3591	4479
98	27	94	6276	3630	4554
98	28	72	6272	3656	4631
98	29	49	6266	3685	4700
98	30	34	6264	3702	4755
98	31	22	6262	3716	4810
98	32	15	6261	3724	4868
98	33	11	6261	3728	4909
98	34	8	6258	3734	4953
98	35	6	6258	3736	5004
98	36	4	6258	3738	5056
98	37	3	6258	3739	5103
98	38	3	6258	3739	5159
98	39	0	6258	3742	5205
99	0	100	9900	0	0
99	1	220	9780	0	287
99	2	390	9610	0	638
99	3	587	9413	0	936
99	4	854	9146	0	1302
99	5	1028	8872	100	1583
99	6	1171	8609	220	1851
99	7	1320	8290	390	2076
99	8	1383	8030	587	2394
99	9	1344	7802	854	2619
99	10	1297	7575	1128	2787
99	11	1242	7367	1391	2934
99	12	1098	7192	1710	3080
99	13	998	7032	1970	3208
99	14	905	6897	2198	3335
99	15	795	6780	2425	3412
99	16	679	6688	2633	3526
99	17	587	6605	2808	3625
99	18	493	6539	2968	3726
99	19	411	6486	3103	3834
99	20	339	6441	3220	3937
99	21	279	6409	3312	4037
99	22	235	6370	3395	4145
99	23	195	6344	3461	4227
99	24	171	6315	3514	4314
99	25	143	6298	3559	4386
99	26	125	6284	3591	4479
99	27	94	6276	3630	4554
99	28	72	6272	3656	4631
99	29	49	6266	3685	4700
99	30	34	6264	3702	4755
99	31	22	6262	3716	4810
99	32	15	6261	3724	4868
99	33	11	6261	3728	4909
99	34	8	6258	3734	4953
99	35	6	6258	3736	5004
99	36	4	6258	3738	5056
99	37	3	6258	3739	5103
99	38	3	6258	3739	5159
99	39	0	6258	3742	5205
100	0	100	9900	0	0
100	1	220	9780	0	287
100	2	390	9610	0	638
100	3	587	9413	0	936
100	4	854	9146	0	1302
100	5	1028	8872	100	1583
100	6	1171	8609	220	1851
100	7	1320	8290	390	2076
100	8	1383	8030	587	2394
100	9	1344	7802	854	2619
100	10	1297	7575	1128	2787
100	11	1242	7367	1391	2934
100	12	1098	7192	1710	3080
100	13	998	7032	1970	3208
100	14	905	6897	2198	3335
100	15	795	6780	2425	3412
100	16	679	6688	2633	3526
100	17	587	6605	2808	3625
100	18	493	6539	2968	3726
100	19	411	6486	3103	3834
100	20	339	6441	3220	3937
100	21	279	6409	3312	4037
100	22	235	6370	3395	4145
100	23	195	6344	3461	4227
100	24	171	6315	3514	4314
100	25	143	6298	3559	4386
100	26	125	6284	3591	4479
100	27	94	6276	3630	4554
100	28	72	6272	3656	4631
100	29	49	6266	3685	4700
100	30	34	6264	3702	4755
100	31	22	6262	3716	4810
100	32	15	6261	3724	4868
100	33	11	6261	3728	4909
100	34	8	6258	3734	4953
100	35	6	6258	3736	5004
100	36	4	6258	3738	5056
100	37	3	6258	3739	5103
100	38	3	6258	3739	5159
100	39	0	6258	3742	5205
