Trial	Day	Infected	Vaccinated	VaxProb
1	0	1200	8800	0	0
1	1	1866	8134	0	0
1	2	2499	7501	0	0
1	3	3216	6784	0	0
1	4	3864	6136	0	0
1	5	3358	5460	1182	0
1	6	3223	4911	1866	0
1	7	3117	4384	2499	0
1	8	2908	3876	3216	0
1	9	2653	3483	3864	0
1	10	2351	3109	4540	0
1	11	2141	2770	5089	0
1	12	1922	2462	5616	0
1	13	1681	2195	6124	0
1	14	1518	1965	6517	0
1	15	1323	1786	6891	0
1	16	1129	1641	7230	0
1	17	939	1523	7538	0
1	18	782	1413	7805	0
1	19	647	1318	8035	0
1	20	535	1251	8214	0
1	21	439	1202	8359	0
1	22	370	1153	8477	0
1	23	292	1121	8587	0
1	24	234	1084	8682	0
1	25	188	1063	8749	0
1	26	155	1047	8798	0
1	27	124	1029	8847	0
1	28	98	1023	8879	0
1	29	66	1018	8916	0
1	30	50	1013	8937	0
1	31	37	1010	8953	0
1	32	20	1009	8971	0
1	33	14	1009	8977	0
1	34	10	1008	8982	0
1	35	5	1008	8987	0
1	36	2	1008	8990	0
1	37	1	1008	8991	0
1	38	2	1007	8991	0
1	39	1	1007	8992	0
1	40	1	1007	8992	0
1	41	1	1007	8992	0
1	42	1	1007	8992	0
1	43	0	1007	8993	0
2	0	1200	8800	0	0
2	1	1866	8134	0	0
2	2	2499	7501	0	0
2	3	3216	6784	0	0
2	4	3864	6136	0	0
2	5	3358	5460	1182	0
2	6	3223	4911	1866	0
2	7	3117	4384	2499	0
2	8	2908	3876	3216	0
2	9	2653	3483	3864	0
2	10	2351	3109	4540	0
2	11	2141	2770	5089	0
2	12	1922	2462	5616	0
2	13	1681	2195	6124	0
2	14	1518	1965	6517	0
2	15	1323	1786	6891	0
2	16	1129	1641	7230	0
2	17	939	1523	7538	0
2	18	782	1413	7805	0
2	19	647	1318	8035	0
2	20	535	1251	8214	0
2	21	439	1202	8359	0
2	22	370	1153	8477	0
2	23	292	1121	8587	0
2	24	234	1084	8682	0
2	25	188	1063	8749	0
2	26	155	1047	8798	0
2	27	124	1029	8847	0
2	28	98	1023	8879	0
2	29	66	1018	8916	0
2	30	50	1013	8937	0
2	31	37	1010	8953	0
2	32	20	1009	8971	0
2	33	14	1009	8977	0
2	34	10	1008	8982	0
2	35	5	1008	8987	0
2	36	2	1008	8990	0
2	37	1	1008	8991	0
2	38	2	1007	8991	0
2	39	1	1007	8992	0
2	40	1	1007	8992	0
2	41	1	1007	8992	0
2	42	1	1007	8992	0
2	43	0	1007	8993	0
3	0	1200	8800	0	0
3	1	1789	8211	0	0
3	2	2528	7472	0	0
3	3	3283	6717	0	0
3	4	3999	6001	0	0
3	5	3614	5189	1197	0
3	6	3633	4578	1789	0
3	7	3523	3949	2528	0
3	8	3314	3403	3283	0
3	9	3033	2968	3999	0
3	10	2600	2589	4811	0
3	11	2308	2270	5422	0
3	12	1933	2016	6051	0
3	13	1610	1793	6597	0
3	14	1352	1616	7032	0
3	15	1106	1483	7411	0
3	16	900	1370	7730	0
3	17	742	1274	7984	0
3	18	571	1222	8207	0
3	19	436	1180	8384	0
3	20	347	1136	8517	0
3	21	271	1099	8630	0
3	22	199	1075	8726	0
3	23	157	1065	8778	0
3	24	128	1052	8820	0
3	25	101	1035	8864	0
3	26	74	1025	8901	0
3	27	59	1016	8925	0
3	28	53	1012	8935	0
3	29	46	1006	8948	0
3	30	35	1000	8965	0
3	31	27	998	8975	0
3	32	21	995	8984	0
3	33	19	993	8988	0
3	34	15	991	8994	0
3	35	10	990	9000	0
3	36	9	989	9002	0
3	37	7	988	9005	0
3	38	5	988	9007	0
3	39	3	988	9009	0
3	40	2	988	9010	0
3	41	1	988	9011	0
3	42	0	988	9012	0
4	0	1200	8800	0	0
4	1	1789	8211	0	0
4	2	2528	7472	0	0
4	3	3283	6717	0	0
4	4	3999	6001	0	0
4	5	3614	5189	1197	0
4	6	3633	4578	1789	0
4	7	3523	3949	2528	0
4	8	3314	3403	3283	0
4	9	3033	2968	3999	0
4	10	2600	2589	4811	0
4	11	2308	2270	5422	0
4	12	1933	2016	6051	0
4	13	1610	1793	6597	0
4	14	1352	1616	7032	0
4	15	1106	1483	7411	0
4	16	900	1370	7730	0
4	17	742	1274	7984	0
4	18	571	1222	8207	0
4	19	436	1180	8384	0
4	20	347	1136	8517	0
4	21	271	1099	8630	0
4	22	199	1075	8726	0
4	23	157	1065	8778	0
4	24	128	1052	8820	0
4	25	101	1035	8864	0
4	26	74	1025	8901	0
4	27	59	1016	8925	0
4	28	53	1012	8935	0
4	29	46	1006	8948	0
4	30	35	1000	8965	0
4	31	27	998	8975	0
4	32	21	995	8984	0
4	33	19	993	8988	0
4	34	15	991	8994	0
4	35	10	990	9000	0
4	36	9	989	9002	0
4	37	7	988	9005	0
4	38	5	988	9007	0
4	39	3	988	9009	0
4	40	2	988	9010	0
4	41	1	988	9011	0
4	42	0	988	9012	0
5	0	1200	8800	0	0
5	1	1789	8211	0	0
5	2	2528	7472	0	0
5	3	3283	6717	0	0
5	4	3999	6001	0	0
5	5	3614	5189	1197	0
5	6	3633	4578	1789	0
5	7	3523	3949	2528	0
5	8	3314	3403	3283	0
5	9	3033	2968	3999	0
5	10	2600	2589	4811	0
5	11	2308	2270	5422	0
5	12	1933	2016	6051	0
5	13	1610	1793	6597	0
5	14	1352	1616	7032	0
5	15	1106	1483	7411	0
5	16	900	1370	7730	0
5	17	742	1274	7984	0
5	18	571	1222	8207	0
5	19	436	1180	8384	0
5	20	347	1136	8517	0
5	21	271	1099	8630	0
5	22	199	1075	8726	0
5	23	157	1065	8778	0
5	24	128	1052	8820	0
5	25	101	1035	8864	0
5	26	74	1025	8901	0
5	27	59	1016	8925	0
5	28	53	1012	8935	0
5	29	46	1006	8948	0
5	30	35	1000	8965	0
5	31	27	998	8975	0
5	32	21	995	8984	0
5	33	19	993	8988	0
5	34	15	991	8994	0
5	35	10	990	9000	0
5	36	9	989	9002	0
5	37	7	988	9005	0
5	38	5	988	9007	0
5	39	3	988	9009	0
5	40	2	988	9010	0
5	41	1	988	9011	0
5	42	0	988	9012	0
6	0	1200	8800	0	0
6	1	1789	8211	0	0
6	2	2528	7472	0	0
6	3	3283	6717	0	0
6	4	3999	6001	0	0
6	5	3614	5189	1197	0
6	6	3633	4578	1789	0
6	7	3523	3949	2528	0
6	8	3314	3403	3283	0
6	9	3033	2968	3999	0
6	10	2600	2589	4811	0
6	11	2308	2270	5422	0
6	12	1933	2016	6051	0
6	13	1610	1793	6597	0
6	14	1352	1616	7032	0
6	15	1106	1483	7411	0
6	16	900	1370	7730	0
6	17	742	1274	7984	0
6	18	571	1222	8207	0
6	19	436	1180	8384	0
6	20	347	1136	8517	0
6	21	271	1099	8630	0
6	22	199	1075	8726	0
6	23	157	1065	8778	0
6	24	128	1052	8820	0
6	25	101	1035	8864	0
6	26	74	1025	8901	0
6	27	59	1016	8925	0
6	28	53	1012	8935	0
6	29	46	1006	8948	0
6	30	35	1000	8965	0
6	31	27	998	8975	0
6	32	21	995	8984	0
6	33	19	993	8988	0
6	34	15	991	8994	0
6	35	10	990	9000	0
6	36	9	989	9002	0
6	37	7	988	9005	0
6	38	5	988	9007	0
6	39	3	988	9009	0
6	40	2	988	9010	0
6	41	1	988	9011	0
6	42	0	988	9012	0
7	0	1200	8800	0	0
7	1	1789	8211	0	0
7	2	2528	7472	0	0
7	3	3283	6717	0	0
7	4	3999	6001	0	0
7	5	3614	5189	1197	0
7	6	3633	4578	1789	0
7	7	3523	3949	2528	0
7	8	3314	3403	3283	0
7	9	3033	2968	3999	0
7	10	2600	2589	4811	0
7	11	2308	2270	5422	0
7	12	1933	2016	6051	0
7	13	1610	1793	6597	0
7	14	1352	1616	7032	0
7	15	1106	1483	7411	0
7	16	900	1370	7730	0
7	17	742	1274	7984	0
7	18	571	1222	8207	0
7	19	436	1180	8384	0
7	20	347	1136	8517	0
7	21	271	1099	8630	0
7	22	199	1075	8726	0
7	23	157	1065	8778	0
7	24	128	1052	8820	0
7	25	101	1035	8864	0
7	26	74	1025	8901	0
7	27	59	1016	8925	0
7	28	53	1012	8935	0
7	29	46	1006	8948	0
7	30	35	1000	8965	0
7	31	27	998	8975	0
7	32	21	995	8984	0
7	33	19	993	8988	0
7	34	15	991	8994	0
7	35	10	990	9000	0
7	36	9	989	9002	0
7	37	7	988	9005	0
7	38	5	988	9007	0
7	39	3	988	9009	0
7	40	2	988	9010	0
7	41	1	988	9011	0
7	42	0	988	9012	0
8	0	1200	8800	0	0
8	1	1789	8211	0	0
8	2	2528	7472	0	0
8	3	3283	6717	0	0
8	4	3999	6001	0	0
8	5	3614	5189	1197	0
8	6	3633	4578	1789	0
8	7	3523	3949	2528	0
8	8	3314	3403	3283	0
8	9	3033	2968	3999	0
8	10	2600	2589	4811	0
8	11	2308	2270	5422	0
8	12	1933	2016	6051	0
8	13	1610	1793	6597	0
8	14	1352	1616	7032	0
8	15	1106	1483	7411	0
8	16	900	1370	7730	0
8	17	742	1274	7984	0
8	18	571	1222	8207	0
8	19	436	1180	8384	0
8	20	347	1136	8517	0
8	21	271	1099	8630	0
8	22	199	1075	8726	0
8	23	157	1065	8778	0
8	24	128	1052	8820	0
8	25	101	1035	8864	0
8	26	74	1025	8901	0
8	27	59	1016	8925	0
8	28	53	1012	8935	0
8	29	46	1006	8948	0
8	30	35	1000	8965	0
8	31	27	998	8975	0
8	32	21	995	8984	0
8	33	19	993	8988	0
8	34	15	991	8994	0
8	35	10	990	9000	0
8	36	9	989	9002	0
8	37	7	988	9005	0
8	38	5	988	9007	0
8	39	3	988	9009	0
8	40	2	988	9010	0
8	41	1	988	9011	0
8	42	0	988	9012	0
9	0	1200	8800	0	0
9	1	1842	8158	0	0
9	2	2640	7360	0	0
9	3	3498	6502	0	0
9	4	4304	5696	0	0
9	5	3852	4989	1159	0
9	6	3839	4319	1842	0
9	7	3622	3738	2640	0
9	8	3271	3231	3498	0
9	9	2882	2814	4304	0
9	10	2547	2442	5011	0
9	11	2173	2146	5681	0
9	12	1821	1917	6262	0
9	13	1502	1729	6769	0
9	14	1246	1568	7186	0
9	15	993	1449	7558	0
9	16	784	1362	7854	0
9	17	647	1270	8083	0
9	18	529	1200	8271	0
9	19	409	1159	8432	0
9	20	313	1136	8551	0
9	21	258	1104	8638	0
9	22	199	1071	8730	0
9	23	150	1050	8800	0
9	24	122	1037	8841	0
9	25	111	1025	8864	0
9	26	92	1012	8896	0
9	27	67	1004	8929	0
9	28	52	998	8950	0
9	29	43	994	8963	0
9	30	33	992	8975	0
9	31	21	991	8988	0
9	32	14	990	8996	0
9	33	10	988	9002	0
9	34	8	986	9006	0
9	35	8	984	9008	0
9	36	7	984	9009	0
9	37	6	984	9010	0
9	38	4	984	9012	0
9	39	3	983	9014	0
9	40	1	983	9016	0
9	41	1	983	9016	0
9	42	1	983	9016	0
9	43	1	983	9016	0
9	44	0	983	9017	0
10	0	1200	8800	0	0
10	1	1842	8158	0	0
10	2	2640	7360	0	0
10	3	3498	6502	0	0
10	4	4304	5696	0	0
10	5	3852	4989	1159	0
10	6	3839	4319	1842	0
10	7	3622	3738	2640	0
10	8	3271	3231	3498	0
10	9	2882	2814	4304	0
10	10	2547	2442	5011	0
10	11	2173	2146	5681	0
10	12	1821	1917	6262	0
10	13	1502	1729	6769	0
10	14	1246	1568	7186	0
10	15	993	1449	7558	0
10	16	784	1362	7854	0
10	17	647	1270	8083	0
10	18	529	1200	8271	0
10	19	409	1159	8432	0
10	20	313	1136	8551	0
10	21	258	1104	8638	0
10	22	199	1071	8730	0
10	23	150	1050	8800	0
10	24	122	1037	8841	0
10	25	111	1025	8864	0
10	26	92	1012	8896	0
10	27	67	1004	8929	0
10	28	52	998	8950	0
10	29	43	994	8963	0
10	30	33	992	8975	0
10	31	21	991	8988	0
10	32	14	990	8996	0
10	33	10	988	9002	0
10	34	8	986	9006	0
10	35	8	984	9008	0
10	36	7	984	9009	0
10	37	6	984	9010	0
10	38	4	984	9012	0
10	39	3	983	9014	0
10	40	1	983	9016	0
10	41	1	983	9016	0
10	42	1	983	9016	0
10	43	1	983	9016	0
10	44	0	983	9017	0
11	0	1200	8800	0	0
11	1	1842	8158	0	0
11	2	2640	7360	0	0
11	3	3498	6502	0	0
11	4	4304	5696	0	0
11	5	3852	4989	1159	0
11	6	3839	4319	1842	0
11	7	3622	3738	2640	0
11	8	3271	3231	3498	0
11	9	2882	2814	4304	0
11	10	2547	2442	5011	0
11	11	2173	2146	5681	0
11	12	1821	1917	6262	0
11	13	1502	1729	6769	0
11	14	1246	1568	7186	0
11	15	993	1449	7558	0
11	16	784	1362	7854	0
11	17	647	1270	8083	0
11	18	529	1200	8271	0
11	19	409	1159	8432	0
11	20	313	1136	8551	0
11	21	258	1104	8638	0
11	22	199	1071	8730	0
11	23	150	1050	8800	0
11	24	122	1037	8841	0
11	25	111	1025	8864	0
11	26	92	1012	8896	0
11	27	67	1004	8929	0
11	28	52	998	8950	0
11	29	43	994	8963	0
11	30	33	992	8975	0
11	31	21	991	8988	0
11	32	14	990	8996	0
11	33	10	988	9002	0
11	34	8	986	9006	0
11	35	8	984	9008	0
11	36	7	984	9009	0
11	37	6	984	9010	0
11	38	4	984	9012	0
11	39	3	983	9014	0
11	40	1	983	9016	0
11	41	1	983	9016	0
11	42	1	983	9016	0
11	43	1	983	9016	0
11	44	0	983	9017	0
12	0	1200	8800	0	0
12	1	1842	8158	0	0
12	2	2640	7360	0	0
12	3	3498	6502	0	0
12	4	4304	5696	0	0
12	5	3852	4989	1159	0
12	6	3839	4319	1842	0
12	7	3622	3738	2640	0
12	8	3271	3231	3498	0
12	9	2882	2814	4304	0
12	10	2547	2442	5011	0
12	11	2173	2146	5681	0
12	12	1821	1917	6262	0
12	13	1502	1729	6769	0
12	14	1246	1568	7186	0
12	15	993	1449	7558	0
12	16	784	1362	7854	0
12	17	647	1270	8083	0
12	18	529	1200	8271	0
12	19	409	1159	8432	0
12	20	313	1136	8551	0
12	21	258	1104	8638	0
12	22	199	1071	8730	0
12	23	150	1050	8800	0
12	24	122	1037	8841	0
12	25	111	1025	8864	0
12	26	92	1012	8896	0
12	27	67	1004	8929	0
12	28	52	998	8950	0
12	29	43	994	8963	0
12	30	33	992	8975	0
12	31	21	991	8988	0
12	32	14	990	8996	0
12	33	10	988	9002	0
12	34	8	986	9006	0
12	35	8	984	9008	0
12	36	7	984	9009	0
12	37	6	984	9010	0
12	38	4	984	9012	0
12	39	3	983	9014	0
12	40	1	983	9016	0
12	41	1	983	9016	0
12	42	1	983	9016	0
12	43	1	983	9016	0
12	44	0	983	9017	0
13	0	1200	8800	0	0
13	1	1842	8158	0	0
13	2	2640	7360	0	0
13	3	3498	6502	0	0
13	4	4304	5696	0	0
13	5	3852	4989	1159	0
13	6	3839	4319	1842	0
13	7	3622	3738	2640	0
13	8	3271	3231	3498	0
13	9	2882	2814	4304	0
13	10	2547	2442	5011	0
13	11	2173	2146	5681	0
13	12	1821	1917	6262	0
13	13	1502	1729	6769	0
13	14	1246	1568	7186	0
13	15	993	1449	7558	0
13	16	784	1362	7854	0
13	17	647	1270	8083	0
13	18	529	1200	8271	0
13	19	409	1159	8432	0
13	20	313	1136	8551	0
13	21	258	1104	8638	0
13	22	199	1071	8730	0
13	23	150	1050	8800	0
13	24	122	1037	8841	0
13	25	111	1025	8864	0
13	26	92	1012	8896	0
13	27	67	1004	8929	0
13	28	52	998	8950	0
13	29	43	994	8963	0
13	30	33	992	8975	0
13	31	21	991	8988	0
13	32	14	990	8996	0
13	33	10	988	9002	0
13	34	8	986	9006	0
13	35	8	984	9008	0
13	36	7	984	9009	0
13	37	6	984	9010	0
13	38	4	984	9012	0
13	39	3	983	9014	0
13	40	1	983	9016	0
13	41	1	983	9016	0
13	42	1	983	9016	0
13	43	1	983	9016	0
13	44	0	983	9017	0
14	0	1200	8800	0	0
14	1	1710	8290	0	0
14	2	2381	7619	0	0
14	3	3073	6927	0	0
14	4	3857	6143	0	0
14	5	3460	5357	1183	0
14	6	3559	4731	1710	0
14	7	3455	4164	2381	0
14	8	3245	3682	3073	0
14	9	2862	3281	3857	0
14	10	2436	2921	4643	0
14	11	2145	2586	5269	0
14	12	1833	2331	5836	0
14	13	1580	2102	6318	0
14	14	1353	1928	6719	0
14	15	1145	1776	7079	0
14	16	929	1657	7414	0
14	17	797	1534	7669	0
14	18	663	1439	7898	0
14	19	573	1355	8072	0
14	20	482	1294	8224	0
14	21	404	1253	8343	0
14	22	317	1217	8466	0
14	23	251	1188	8561	0
14	24	196	1159	8645	0
14	25	161	1133	8706	0
14	26	139	1114	8747	0
14	27	117	1100	8783	0
14	28	106	1082	8812	0
14	29	87	1072	8841	0
14	30	66	1067	8867	0
14	31	55	1059	8886	0
14	32	52	1048	8900	0
14	33	42	1040	8918	0
14	34	39	1033	8928	0
14	35	39	1028	8933	0
14	36	33	1026	8941	0
14	37	25	1023	8952	0
14	38	18	1022	8960	0
14	39	11	1022	8967	0
14	40	6	1022	8972	0
14	41	5	1021	8974	0
14	42	3	1020	8977	0
14	43	3	1019	8978	0
14	44	4	1018	8978	0
14	45	6	1016	8978	0
14	46	5	1016	8979	0
14	47	4	1016	8980	0
14	48	3	1016	8981	0
14	49	2	1016	8982	0
14	50	0	1016	8984	0
15	0	1200	8800	0	0
15	1	1710	8290	0	0
15	2	2381	7619	0	0
15	3	3073	6927	0	0
15	4	3857	6143	0	0
15	5	3460	5357	1183	0
15	6	3559	4731	1710	0
15	7	3455	4164	2381	0
15	8	3245	3682	3073	0
15	9	2862	3281	3857	0
15	10	2436	2921	4643	0
15	11	2145	2586	5269	0
15	12	1833	2331	5836	0
15	13	1580	2102	6318	0
15	14	1353	1928	6719	0
15	15	1145	1776	7079	0
15	16	929	1657	7414	0
15	17	797	1534	7669	0
15	18	663	1439	7898	0
15	19	573	1355	8072	0
15	20	482	1294	8224	0
15	21	404	1253	8343	0
15	22	317	1217	8466	0
15	23	251	1188	8561	0
15	24	196	1159	8645	0
15	25	161	1133	8706	0
15	26	139	1114	8747	0
15	27	117	1100	8783	0
15	28	106	1082	8812	0
15	29	87	1072	8841	0
15	30	66	1067	8867	0
15	31	55	1059	8886	0
15	32	52	1048	8900	0
15	33	42	1040	8918	0
15	34	39	1033	8928	0
15	35	39	1028	8933	0
15	36	33	1026	8941	0
15	37	25	1023	8952	0
15	38	18	1022	8960	0
15	39	11	1022	8967	0
15	40	6	1022	8972	0
15	41	5	1021	8974	0
15	42	3	1020	8977	0
15	43	3	1019	8978	0
15	44	4	1018	8978	0
15	45	6	1016	8978	0
15	46	5	1016	8979	0
15	47	4	1016	8980	0
15	48	3	1016	8981	0
15	49	2	1016	8982	0
15	50	0	1016	8984	0
16	0	1200	8800	0	0
16	1	1710	8290	0	0
16	2	2381	7619	0	0
16	3	3073	6927	0	0
16	4	3857	6143	0	0
16	5	3460	5357	1183	0
16	6	3559	4731	1710	0
16	7	3455	4164	2381	0
16	8	3245	3682	3073	0
16	9	2862	3281	3857	0
16	10	2436	2921	4643	0
16	11	2145	2586	5269	0
16	12	1833	2331	5836	0
16	13	1580	2102	6318	0
16	14	1353	1928	6719	0
16	15	1145	1776	7079	0
16	16	929	1657	7414	0
16	17	797	1534	7669	0
16	18	663	1439	7898	0
16	19	573	1355	8072	0
16	20	482	1294	8224	0
16	21	404	1253	8343	0
16	22	317	1217	8466	0
16	23	251	1188	8561	0
16	24	196	1159	8645	0
16	25	161	1133	8706	0
16	26	139	1114	8747	0
16	27	117	1100	8783	0
16	28	106	1082	8812	0
16	29	87	1072	8841	0
16	30	66	1067	8867	0
16	31	55	1059	8886	0
16	32	52	1048	8900	0
16	33	42	1040	8918	0
16	34	39	1033	8928	0
16	35	39	1028	8933	0
16	36	33	1026	8941	0
16	37	25	1023	8952	0
16	38	18	1022	8960	0
16	39	11	1022	8967	0
16	40	6	1022	8972	0
16	41	5	1021	8974	0
16	42	3	1020	8977	0
16	43	3	1019	8978	0
16	44	4	1018	8978	0
16	45	6	1016	8978	0
16	46	5	1016	8979	0
16	47	4	1016	8980	0
16	48	3	1016	8981	0
16	49	2	1016	8982	0
16	50	0	1016	8984	0
17	0	1200	8800	0	0
17	1	1710	8290	0	0
17	2	2381	7619	0	0
17	3	3073	6927	0	0
17	4	3857	6143	0	0
17	5	3460	5357	1183	0
17	6	3559	4731	1710	0
17	7	3455	4164	2381	0
17	8	3245	3682	3073	0
17	9	2862	3281	3857	0
17	10	2436	2921	4643	0
17	11	2145	2586	5269	0
17	12	1833	2331	5836	0
17	13	1580	2102	6318	0
17	14	1353	1928	6719	0
17	15	1145	1776	7079	0
17	16	929	1657	7414	0
17	17	797	1534	7669	0
17	18	663	1439	7898	0
17	19	573	1355	8072	0
17	20	482	1294	8224	0
17	21	404	1253	8343	0
17	22	317	1217	8466	0
17	23	251	1188	8561	0
17	24	196	1159	8645	0
17	25	161	1133	8706	0
17	26	139	1114	8747	0
17	27	117	1100	8783	0
17	28	106	1082	8812	0
17	29	87	1072	8841	0
17	30	66	1067	8867	0
17	31	55	1059	8886	0
17	32	52	1048	8900	0
17	33	42	1040	8918	0
17	34	39	1033	8928	0
17	35	39	1028	8933	0
17	36	33	1026	8941	0
17	37	25	1023	8952	0
17	38	18	1022	8960	0
17	39	11	1022	8967	0
17	40	6	1022	8972	0
17	41	5	1021	8974	0
17	42	3	1020	8977	0
17	43	3	1019	8978	0
17	44	4	1018	8978	0
17	45	6	1016	8978	0
17	46	5	1016	8979	0
17	47	4	1016	8980	0
17	48	3	1016	8981	0
17	49	2	1016	8982	0
17	50	0	1016	8984	0
18	0	1200	8800	0	0
18	1	1710	8290	0	0
18	2	2381	7619	0	0
18	3	3073	6927	0	0
18	4	3857	6143	0	0
18	5	3460	5357	1183	0
18	6	3559	4731	1710	0
18	7	3455	4164	2381	0
18	8	3245	3682	3073	0
18	9	2862	3281	3857	0
18	10	2436	2921	4643	0
18	11	2145	2586	5269	0
18	12	1833	2331	5836	0
18	13	1580	2102	6318	0
18	14	1353	1928	6719	0
18	15	1145	1776	7079	0
18	16	929	1657	7414	0
18	17	797	1534	7669	0
18	18	663	1439	7898	0
18	19	573	1355	8072	0
18	20	482	1294	8224	0
18	21	404	1253	8343	0
18	22	317	1217	8466	0
18	23	251	1188	8561	0
18	24	196	1159	8645	0
18	25	161	1133	8706	0
18	26	139	1114	8747	0
18	27	117	1100	8783	0
18	28	106	1082	8812	0
18	29	87	1072	8841	0
18	30	66	1067	8867	0
18	31	55	1059	8886	0
18	32	52	1048	8900	0
18	33	42	1040	8918	0
18	34	39	1033	8928	0
18	35	39	1028	8933	0
18	36	33	1026	8941	0
18	37	25	1023	8952	0
18	38	18	1022	8960	0
18	39	11	1022	8967	0
18	40	6	1022	8972	0
18	41	5	1021	8974	0
18	42	3	1020	8977	0
18	43	3	1019	8978	0
18	44	4	1018	8978	0
18	45	6	1016	8978	0
18	46	5	1016	8979	0
18	47	4	1016	8980	0
18	48	3	1016	8981	0
18	49	2	1016	8982	0
18	50	0	1016	8984	0
19	0	1200	8800	0	0
19	1	1811	8189	0	0
19	2	2511	7489	0	0
19	3	3212	6788	0	0
19	4	3922	6078	0	0
19	5	3437	5390	1173	0
19	6	3434	4755	1811	0
19	7	3270	4219	2511	0
19	8	3033	3755	3212	0
19	9	2717	3361	3922	0
19	10	2395	2995	4610	0
19	11	2069	2686	5245	0
19	12	1806	2413	5781	0
19	13	1567	2188	6245	0
19	14	1334	2027	6639	0
19	15	1099	1896	7005	0
19	16	914	1772	7314	0
19	17	742	1671	7587	0
19	18	611	1577	7812	0
19	19	517	1510	7973	0
19	20	457	1439	8104	0
19	21	389	1383	8228	0
19	22	336	1335	8329	0
19	23	287	1290	8423	0
19	24	256	1254	8490	0
19	25	223	1216	8561	0
19	26	195	1188	8617	0
19	27	166	1169	8665	0
19	28	144	1146	8710	0
19	29	126	1128	8746	0
19	30	108	1108	8784	0
19	31	94	1094	8812	0
19	32	92	1077	8831	0
19	33	84	1062	8854	0
19	34	76	1052	8872	0
19	35	59	1049	8892	0
19	36	49	1045	8906	0
19	37	36	1041	8923	0
19	38	24	1038	8938	0
19	39	21	1031	8948	0
19	40	18	1031	8951	0
19	41	14	1031	8955	0
19	42	11	1030	8959	0
19	43	8	1030	8962	0
19	44	2	1029	8969	0
19	45	2	1029	8969	0
19	46	2	1029	8969	0
19	47	1	1029	8970	0
19	48	1	1029	8970	0
19	49	0	1029	8971	0
20	0	1200	8800	0	0
20	1	1811	8189	0	0
20	2	2511	7489	0	0
20	3	3212	6788	0	0
20	4	3922	6078	0	0
20	5	3437	5390	1173	0
20	6	3434	4755	1811	0
20	7	3270	4219	2511	0
20	8	3033	3755	3212	0
20	9	2717	3361	3922	0
20	10	2395	2995	4610	0
20	11	2069	2686	5245	0
20	12	1806	2413	5781	0
20	13	1567	2188	6245	0
20	14	1334	2027	6639	0
20	15	1099	1896	7005	0
20	16	914	1772	7314	0
20	17	742	1671	7587	0
20	18	611	1577	7812	0
20	19	517	1510	7973	0
20	20	457	1439	8104	0
20	21	389	1383	8228	0
20	22	336	1335	8329	0
20	23	287	1290	8423	0
20	24	256	1254	8490	0
20	25	223	1216	8561	0
20	26	195	1188	8617	0
20	27	166	1169	8665	0
20	28	144	1146	8710	0
20	29	126	1128	8746	0
20	30	108	1108	8784	0
20	31	94	1094	8812	0
20	32	92	1077	8831	0
20	33	84	1062	8854	0
20	34	76	1052	8872	0
20	35	59	1049	8892	0
20	36	49	1045	8906	0
20	37	36	1041	8923	0
20	38	24	1038	8938	0
20	39	21	1031	8948	0
20	40	18	1031	8951	0
20	41	14	1031	8955	0
20	42	11	1030	8959	0
20	43	8	1030	8962	0
20	44	2	1029	8969	0
20	45	2	1029	8969	0
20	46	2	1029	8969	0
20	47	1	1029	8970	0
20	48	1	1029	8970	0
20	49	0	1029	8971	0
1	0	1200	8800	0	0
1	1	1811	8189	0	1473
1	2	2425	7575	0	2617
1	3	2877	7123	0	3468
1	4	3246	6754	0	4062
1	5	2328	6499	1173	4465
1	6	1836	6353	1811	4792
1	7	1335	6240	2425	5036
1	8	945	6178	2877	5232
1	9	598	6156	3246	5367
1	10	362	6137	3501	5471
1	11	225	6128	3647	5548
1	12	116	6124	3760	5623
1	13	57	6121	3822	5671
1	14	35	6121	3844	5728
1	15	16	6121	3863	5763
1	16	7	6121	3872	5785
1	17	3	6121	3876	5808
1	18	0	6121	3879	5831
2	0	1200	8800	0	0
2	1	1811	8189	0	1473
2	2	2425	7575	0	2617
2	3	2877	7123	0	3468
2	4	3246	6754	0	4062
2	5	2328	6499	1173	4465
2	6	1836	6353	1811	4792
2	7	1335	6240	2425	5036
2	8	945	6178	2877	5232
2	9	598	6156	3246	5367
2	10	362	6137	3501	5471
2	11	225	6128	3647	5548
2	12	116	6124	3760	5623
2	13	57	6121	3822	5671
2	14	35	6121	3844	5728
2	15	16	6121	3863	5763
2	16	7	6121	3872	5785
2	17	3	6121	3876	5808
2	18	0	6121	3879	5831
3	0	1200	8800	0	0
3	1	1811	8189	0	1473
3	2	2425	7575	0	2617
3	3	2877	7123	0	3468
3	4	3246	6754	0	4062
3	5	2328	6499	1173	4465
3	6	1836	6353	1811	4792
3	7	1335	6240	2425	5036
3	8	945	6178	2877	5232
3	9	598	6156	3246	5367
3	10	362	6137	3501	5471
3	11	225	6128	3647	5548
3	12	116	6124	3760	5623
3	13	57	6121	3822	5671
3	14	35	6121	3844	5728
3	15	16	6121	3863	5763
3	16	7	6121	3872	5785
3	17	3	6121	3876	5808
3	18	0	6121	3879	5831
4	0	1200	8800	0	0
4	1	1902	8098	0	1627
4	2	2615	7385	0	2857
4	3	3053	6947	0	3650
4	4	3347	6653	0	4161
4	5	2397	6407	1196	4598
4	6	1855	6243	1902	4906
4	7	1205	6180	2615	5119
4	8	813	6134	3053	5270
4	9	540	6113	3347	5393
4	10	311	6096	3593	5485
4	11	152	6091	3757	5568
4	12	92	6088	3820	5634
4	13	46	6088	3866	5680
4	14	25	6088	3887	5720
4	15	8	6088	3904	5748
4	16	4	6087	3909	5775
4	17	1	6087	3912	5801
4	18	1	6087	3912	5818
4	19	1	6087	3912	5835
4	20	1	6087	3912	5846
4	21	0	6087	3913	5855
5	0	1200	8800	0	0
5	1	1902	8098	0	1627
5	2	2615	7385	0	2857
5	3	3053	6947	0	3650
5	4	3347	6653	0	4161
5	5	2397	6407	1196	4598
5	6	1855	6243	1902	4906
5	7	1205	6180	2615	5119
5	8	813	6134	3053	5270
5	9	540	6113	3347	5393
5	10	311	6096	3593	5485
5	11	152	6091	3757	5568
5	12	92	6088	3820	5634
5	13	46	6088	3866	5680
5	14	25	6088	3887	5720
5	15	8	6088	3904	5748
5	16	4	6087	3909	5775
5	17	1	6087	3912	5801
5	18	1	6087	3912	5818
5	19	1	6087	3912	5835
5	20	1	6087	3912	5846
5	21	0	6087	3913	5855
6	0	1200	8800	0	0
6	1	1902	8098	0	1627
6	2	2615	7385	0	2857
6	3	3053	6947	0	3650
6	4	3347	6653	0	4161
6	5	2397	6407	1196	4598
6	6	1855	6243	1902	4906
6	7	1205	6180	2615	5119
6	8	813	6134	3053	5270
6	9	540	6113	3347	5393
6	10	311	6096	3593	5485
6	11	152	6091	3757	5568
6	12	92	6088	3820	5634
6	13	46	6088	3866	5680
6	14	25	6088	3887	5720
6	15	8	6088	3904	5748
6	16	4	6087	3909	5775
6	17	1	6087	3912	5801
6	18	1	6087	3912	5818
6	19	1	6087	3912	5835
6	20	1	6087	3912	5846
6	21	0	6087	3913	5855
7	0	1200	8800	0	0
7	1	1902	8098	0	1627
7	2	2615	7385	0	2857
7	3	3053	6947	0	3650
7	4	3347	6653	0	4161
7	5	2397	6407	1196	4598
7	6	1855	6243	1902	4906
7	7	1205	6180	2615	5119
7	8	813	6134	3053	5270
7	9	540	6113	3347	5393
7	10	311	6096	3593	5485
7	11	152	6091	3757	5568
7	12	92	6088	3820	5634
7	13	46	6088	3866	5680
7	14	25	6088	3887	5720
7	15	8	6088	3904	5748
7	16	4	6087	3909	5775
7	17	1	6087	3912	5801
7	18	1	6087	3912	5818
7	19	1	6087	3912	5835
7	20	1	6087	3912	5846
7	21	0	6087	3913	5855
8	0	1200	8800	0	0
8	1	1902	8098	0	1627
8	2	2615	7385	0	2857
8	3	3053	6947	0	3650
8	4	3347	6653	0	4161
8	5	2397	6407	1196	4598
8	6	1855	6243	1902	4906
8	7	1205	6180	2615	5119
8	8	813	6134	3053	5270
8	9	540	6113	3347	5393
8	10	311	6096	3593	5485
8	11	152	6091	3757	5568
8	12	92	6088	3820	5634
8	13	46	6088	3866	5680
8	14	25	6088	3887	5720
8	15	8	6088	3904	5748
8	16	4	6087	3909	5775
8	17	1	6087	3912	5801
8	18	1	6087	3912	5818
8	19	1	6087	3912	5835
8	20	1	6087	3912	5846
8	21	0	6087	3913	5855
9	0	1200	8800	0	0
9	1	1902	8098	0	1627
9	2	2615	7385	0	2857
9	3	3053	6947	0	3650
9	4	3347	6653	0	4161
9	5	2397	6407	1196	4598
9	6	1855	6243	1902	4906
9	7	1205	6180	2615	5119
9	8	813	6134	3053	5270
9	9	540	6113	3347	5393
9	10	311	6096	3593	5485
9	11	152	6091	3757	5568
9	12	92	6088	3820	5634
9	13	46	6088	3866	5680
9	14	25	6088	3887	5720
9	15	8	6088	3904	5748
9	16	4	6087	3909	5775
9	17	1	6087	3912	5801
9	18	1	6087	3912	5818
9	19	1	6087	3912	5835
9	20	1	6087	3912	5846
9	21	0	6087	3913	5855
10	0	1200	8800	0	0
10	1	1776	8224	0	1567
10	2	2340	7660	0	2648
10	3	2787	7213	0	3476
10	4	3154	6846	0	4125
10	5	2230	6590	1180	4574
10	6	1811	6413	1776	4925
10	7	1343	6317	2340	5170
10	8	943	6270	2787	5348
10	9	608	6238	3154	5468
10	10	372	6218	3410	5581
10	11	201	6212	3587	5660
10	12	106	6211	3683	5720
10	13	59	6211	3730	5765
10	14	28	6210	3762	5815
10	15	8	6210	3782	5851
10	16	2	6210	3788	5878
10	17	1	6210	3789	5898
10	18	1	6210	3789	5910
10	19	0	6210	3790	5926
11	0	1200	8800	0	0
11	1	1776	8224	0	1567
11	2	2340	7660	0	2648
11	3	2787	7213	0	3476
11	4	3154	6846	0	4125
11	5	2230	6590	1180	4574
11	6	1811	6413	1776	4925
11	7	1343	6317	2340	5170
11	8	943	6270	2787	5348
11	9	608	6238	3154	5468
11	10	372	6218	3410	5581
11	11	201	6212	3587	5660
11	12	106	6211	3683	5720
11	13	59	6211	3730	5765
11	14	28	6210	3762	5815
11	15	8	6210	3782	5851
11	16	2	6210	3788	5878
11	17	1	6210	3789	5898
11	18	1	6210	3789	5910
11	19	0	6210	3790	5926
12	0	1200	8800	0	0
12	1	1776	8224	0	1567
12	2	2340	7660	0	2648
12	3	2787	7213	0	3476
12	4	3154	6846	0	4125
12	5	2230	6590	1180	4574
12	6	1811	6413	1776	4925
12	7	1343	6317	2340	5170
12	8	943	6270	2787	5348
12	9	608	6238	3154	5468
12	10	372	6218	3410	5581
12	11	201	6212	3587	5660
12	12	106	6211	3683	5720
12	13	59	6211	3730	5765
12	14	28	6210	3762	5815
12	15	8	6210	3782	5851
12	16	2	6210	3788	5878
12	17	1	6210	3789	5898
12	18	1	6210	3789	5910
12	19	0	6210	3790	5926
13	0	1200	8800	0	0
13	1	1776	8224	0	1567
13	2	2340	7660	0	2648
13	3	2787	7213	0	3476
13	4	3154	6846	0	4125
13	5	2230	6590	1180	4574
13	6	1811	6413	1776	4925
13	7	1343	6317	2340	5170
13	8	943	6270	2787	5348
13	9	608	6238	3154	5468
13	10	372	6218	3410	5581
13	11	201	6212	3587	5660
13	12	106	6211	3683	5720
13	13	59	6211	3730	5765
13	14	28	6210	3762	5815
13	15	8	6210	3782	5851
13	16	2	6210	3788	5878
13	17	1	6210	3789	5898
13	18	1	6210	3789	5910
13	19	0	6210	3790	5926
14	0	1200	8800	0	0
14	1	1776	8224	0	1567
14	2	2340	7660	0	2648
14	3	2787	7213	0	3476
14	4	3154	6846	0	4125
14	5	2230	6590	1180	4574
14	6	1811	6413	1776	4925
14	7	1343	6317	2340	5170
14	8	943	6270	2787	5348
14	9	608	6238	3154	5468
14	10	372	6218	3410	5581
14	11	201	6212	3587	5660
14	12	106	6211	3683	5720
14	13	59	6211	3730	5765
14	14	28	6210	3762	5815
14	15	8	6210	3782	5851
14	16	2	6210	3788	5878
14	17	1	6210	3789	5898
14	18	1	6210	3789	5910
14	19	0	6210	3790	5926
15	0	1200	8800	0	0
15	1	1873	8127	0	1749
15	2	2490	7510	0	3012
15	3	2896	7104	0	3727
15	4	3184	6816	0	4307
15	5	2206	6606	1188	4794
15	6	1660	6467	1873	5124
15	7	1116	6394	2490	5331
15	8	745	6359	2896	5507
15	9	483	6333	3184	5636
15	10	281	6325	3394	5724
15	11	147	6320	3533	5810
15	12	74	6320	3606	5874
15	13	41	6318	3641	5916
15	14	15	6318	3667	5962
15	15	7	6318	3675	6000
15	16	2	6318	3680	6023
15	17	2	6318	3680	6040
15	18	0	6318	3682	6049
16	0	1200	8800	0	0
16	1	1873	8127	0	1749
16	2	2490	7510	0	3012
16	3	2896	7104	0	3727
16	4	3184	6816	0	4307
16	5	2206	6606	1188	4794
16	6	1660	6467	1873	5124
16	7	1116	6394	2490	5331
16	8	745	6359	2896	5507
16	9	483	6333	3184	5636
16	10	281	6325	3394	5724
16	11	147	6320	3533	5810
16	12	74	6320	3606	5874
16	13	41	6318	3641	5916
16	14	15	6318	3667	5962
16	15	7	6318	3675	6000
16	16	2	6318	3680	6023
16	17	2	6318	3680	6040
16	18	0	6318	3682	6049
17	0	1200	8800	0	0
17	1	1873	8127	0	1749
17	2	2490	7510	0	3012
17	3	2896	7104	0	3727
17	4	3184	6816	0	4307
17	5	2206	6606	1188	4794
17	6	1660	6467	1873	5124
17	7	1116	6394	2490	5331
17	8	745	6359	2896	5507
17	9	483	6333	3184	5636
17	10	281	6325	3394	5724
17	11	147	6320	3533	5810
17	12	74	6320	3606	5874
17	13	41	6318	3641	5916
17	14	15	6318	3667	5962
17	15	7	6318	3675	6000
17	16	2	6318	3680	6023
17	17	2	6318	3680	6040
17	18	0	6318	3682	6049
18	0	1200	8800	0	0
18	1	1873	8127	0	1749
18	2	2490	7510	0	3012
18	3	2896	7104	0	3727
18	4	3184	6816	0	4307
18	5	2206	6606	1188	4794
18	6	1660	6467	1873	5124
18	7	1116	6394	2490	5331
18	8	745	6359	2896	5507
18	9	483	6333	3184	5636
18	10	281	6325	3394	5724
18	11	147	6320	3533	5810
18	12	74	6320	3606	5874
18	13	41	6318	3641	5916
18	14	15	6318	3667	5962
18	15	7	6318	3675	6000
18	16	2	6318	3680	6023
18	17	2	6318	3680	6040
18	18	0	6318	3682	6049
19	0	1200	8800	0	0
19	1	1873	8127	0	1749
19	2	2490	7510	0	3012
19	3	2896	7104	0	3727
19	4	3184	6816	0	4307
19	5	2206	6606	1188	4794
19	6	1660	6467	1873	5124
19	7	1116	6394	2490	5331
19	8	745	6359	2896	5507
19	9	483	6333	3184	5636
19	10	281	6325	3394	5724
19	11	147	6320	3533	5810
19	12	74	6320	3606	5874
19	13	41	6318	3641	5916
19	14	15	6318	3667	5962
19	15	7	6318	3675	6000
19	16	2	6318	3680	6023
19	17	2	6318	3680	6040
19	18	0	6318	3682	6049
20	0	1200	8800	0	0
20	1	1766	8234	0	1591
20	2	2438	7562	0	2750
20	3	2903	7097	0	3569
20	4	3233	6767	0	4190
20	5	2252	6585	1163	4610
20	6	1815	6419	1766	4937
20	7	1238	6324	2438	5177
20	8	820	6277	2903	5336
20	9	508	6259	3233	5475
20	10	336	6249	3415	5588
20	11	177	6242	3581	5694
20	12	84	6240	3676	5760
20	13	39	6238	3723	5814
20	14	22	6237	3741	5848
20	15	12	6237	3751	5881
20	16	5	6237	3758	5913
20	17	3	6237	3760	5939
20	18	1	6237	3762	5966
20	19	0	6237	3763	5982
1	0	1200	8800	0	0
1	1	1766	8234	0	3008
1	2	2278	7722	0	4923
1	3	2527	7473	0	5907
1	4	2635	7365	0	6416
1	5	1551	7286	1163	6664
1	6	967	7267	1766	6812
1	7	461	7261	2278	6910
1	8	215	7258	2527	6972
1	9	107	7258	2635	7006
1	10	28	7258	2714	7028
1	11	9	7258	2733	7044
1	12	3	7258	2739	7048
1	13	0	7258	2742	7054
2	0	1200	8800	0	0
2	1	1766	8234	0	3008
2	2	2278	7722	0	4923
2	3	2527	7473	0	5907
2	4	2635	7365	0	6416
2	5	1551	7286	1163	6664
2	6	967	7267	1766	6812
2	7	461	7261	2278	6910
2	8	215	7258	2527	6972
2	9	107	7258	2635	7006
2	10	28	7258	2714	7028
2	11	9	7258	2733	7044
2	12	3	7258	2739	7048
2	13	0	7258	2742	7054
3	0	1200	8800	0	0
3	1	1766	8234	0	3008
3	2	2278	7722	0	4923
3	3	2527	7473	0	5907
3	4	2635	7365	0	6416
3	5	1551	7286	1163	6664
3	6	967	7267	1766	6812
3	7	461	7261	2278	6910
3	8	215	7258	2527	6972
3	9	107	7258	2635	7006
3	10	28	7258	2714	7028
3	11	9	7258	2733	7044
3	12	3	7258	2739	7048
3	13	0	7258	2742	7054
4	0	1200	8800	0	0
4	1	1766	8234	0	3008
4	2	2278	7722	0	4923
4	3	2527	7473	0	5907
4	4	2635	7365	0	6416
4	5	1551	7286	1163	6664
4	6	967	7267	1766	6812
4	7	461	7261	2278	6910
4	8	215	7258	2527	6972
4	9	107	7258	2635	7006
4	10	28	7258	2714	7028
4	11	9	7258	2733	7044
4	12	3	7258	2739	7048
4	13	0	7258	2742	7054
5	0	1200	8800	0	0
5	1	1766	8234	0	3008
5	2	2278	7722	0	4923
5	3	2527	7473	0	5907
5	4	2635	7365	0	6416
5	5	1551	7286	1163	6664
5	6	967	7267	1766	6812
5	7	461	7261	2278	6910
5	8	215	7258	2527	6972
5	9	107	7258	2635	7006
5	10	28	7258	2714	7028
5	11	9	7258	2733	7044
5	12	3	7258	2739	7048
5	13	0	7258	2742	7054
6	0	1200	8800	0	0
6	1	1889	8111	0	3186
6	2	2354	7646	0	4930
6	3	2577	7423	0	5861
6	4	2698	7302	0	6317
6	5	1611	7220	1169	6589
6	6	927	7184	1889	6748
6	7	470	7176	2354	6846
6	8	249	7174	2577	6896
6	9	129	7173	2698	6931
6	10	47	7173	2780	6950
6	11	11	7173	2816	6960
6	12	3	7173	2824	6967
6	13	1	7173	2826	6972
6	14	0	7173	2827	6972
7	0	1200	8800	0	0
7	1	1889	8111	0	3186
7	2	2354	7646	0	4930
7	3	2577	7423	0	5861
7	4	2698	7302	0	6317
7	5	1611	7220	1169	6589
7	6	927	7184	1889	6748
7	7	470	7176	2354	6846
7	8	249	7174	2577	6896
7	9	129	7173	2698	6931
7	10	47	7173	2780	6950
7	11	11	7173	2816	6960
7	12	3	7173	2824	6967
7	13	1	7173	2826	6972
7	14	0	7173	2827	6972
8	0	1200	8800	0	0
8	1	1889	8111	0	3186
8	2	2354	7646	0	4930
8	3	2577	7423	0	5861
8	4	2698	7302	0	6317
8	5	1611	7220	1169	6589
8	6	927	7184	1889	6748
8	7	470	7176	2354	6846
8	8	249	7174	2577	6896
8	9	129	7173	2698	6931
8	10	47	7173	2780	6950
8	11	11	7173	2816	6960
8	12	3	7173	2824	6967
8	13	1	7173	2826	6972
8	14	0	7173	2827	6972
9	0	1200	8800	0	0
9	1	1889	8111	0	3186
9	2	2354	7646	0	4930
9	3	2577	7423	0	5861
9	4	2698	7302	0	6317
9	5	1611	7220	1169	6589
9	6	927	7184	1889	6748
9	7	470	7176	2354	6846
9	8	249	7174	2577	6896
9	9	129	7173	2698	6931
9	10	47	7173	2780	6950
9	11	11	7173	2816	6960
9	12	3	7173	2824	6967
9	13	1	7173	2826	6972
9	14	0	7173	2827	6972
10	0	1200	8800	0	0
10	1	1889	8111	0	3186
10	2	2354	7646	0	4930
10	3	2577	7423	0	5861
10	4	2698	7302	0	6317
10	5	1611	7220	1169	6589
10	6	927	7184	1889	6748
10	7	470	7176	2354	6846
10	8	249	7174	2577	6896
10	9	129	7173	2698	6931
10	10	47	7173	2780	6950
10	11	11	7173	2816	6960
10	12	3	7173	2824	6967
10	13	1	7173	2826	6972
10	14	0	7173	2827	6972
11	0	1200	8800	0	0
11	1	1780	8220	0	3198
11	2	2173	7827	0	4941
11	3	2392	7608	0	5845
11	4	2498	7502	0	6443
11	5	1374	7451	1175	6740
11	6	795	7425	1780	6933
11	7	413	7414	2173	7044
11	8	195	7413	2392	7126
11	9	89	7413	2498	7163
11	10	39	7412	2549	7185
11	11	13	7412	2575	7195
11	12	2	7412	2586	7203
11	13	1	7412	2587	7207
11	14	1	7412	2587	7209
11	15	0	7412	2588	7210
12	0	1200	8800	0	0
12	1	1780	8220	0	3198
12	2	2173	7827	0	4941
12	3	2392	7608	0	5845
12	4	2498	7502	0	6443
12	5	1374	7451	1175	6740
12	6	795	7425	1780	6933
12	7	413	7414	2173	7044
12	8	195	7413	2392	7126
12	9	89	7413	2498	7163
12	10	39	7412	2549	7185
12	11	13	7412	2575	7195
12	12	2	7412	2586	7203
12	13	1	7412	2587	7207
12	14	1	7412	2587	7209
12	15	0	7412	2588	7210
13	0	1200	8800	0	0
13	1	1780	8220	0	3198
13	2	2173	7827	0	4941
13	3	2392	7608	0	5845
13	4	2498	7502	0	6443
13	5	1374	7451	1175	6740
13	6	795	7425	1780	6933
13	7	413	7414	2173	7044
13	8	195	7413	2392	7126
13	9	89	7413	2498	7163
13	10	39	7412	2549	7185
13	11	13	7412	2575	7195
13	12	2	7412	2586	7203
13	13	1	7412	2587	7207
13	14	1	7412	2587	7209
13	15	0	7412	2588	7210
14	0	1200	8800	0	0
14	1	1780	8220	0	3198
14	2	2173	7827	0	4941
14	3	2392	7608	0	5845
14	4	2498	7502	0	6443
14	5	1374	7451	1175	6740
14	6	795	7425	1780	6933
14	7	413	7414	2173	7044
14	8	195	7413	2392	7126
14	9	89	7413	2498	7163
14	10	39	7412	2549	7185
14	11	13	7412	2575	7195
14	12	2	7412	2586	7203
14	13	1	7412	2587	7207
14	14	1	7412	2587	7209
14	15	0	7412	2588	7210
15	0	1200	8800	0	0
15	1	1780	8220	0	3198
15	2	2173	7827	0	4941
15	3	2392	7608	0	5845
15	4	2498	7502	0	6443
15	5	1374	7451	1175	6740
15	6	795	7425	1780	6933
15	7	413	7414	2173	7044
15	8	195	7413	2392	7126
15	9	89	7413	2498	7163
15	10	39	7412	2549	7185
15	11	13	7412	2575	7195
15	12	2	7412	2586	7203
15	13	1	7412	2587	7207
15	14	1	7412	2587	7209
15	15	0	7412	2588	7210
16	0	1200	8800	0	0
16	1	1780	8220	0	3198
16	2	2173	7827	0	4941
16	3	2392	7608	0	5845
16	4	2498	7502	0	6443
16	5	1374	7451	1175	6740
16	6	795	7425	1780	6933
16	7	413	7414	2173	7044
16	8	195	7413	2392	7126
16	9	89	7413	2498	7163
16	10	39	7412	2549	7185
16	11	13	7412	2575	7195
16	12	2	7412	2586	7203
16	13	1	7412	2587	7207
16	14	1	7412	2587	7209
16	15	0	7412	2588	7210
17	0	1200	8800	0	0
17	1	1850	8150	0	3176
17	2	2308	7692	0	4844
17	3	2549	7451	0	5799
17	4	2669	7331	0	6344
17	5	1560	7266	1174	6620
17	6	901	7249	1850	6781
17	7	449	7243	2308	6892
17	8	210	7241	2549	6951
17	9	91	7240	2669	6978
17	10	26	7240	2734	7005
17	11	9	7240	2751	7020
17	12	3	7240	2757	7028
17	13	1	7240	2759	7031
17	14	0	7240	2760	7035
18	0	1200	8800	0	0
18	1	1850	8150	0	3176
18	2	2308	7692	0	4844
18	3	2549	7451	0	5799
18	4	2669	7331	0	6344
18	5	1560	7266	1174	6620
18	6	901	7249	1850	6781
18	7	449	7243	2308	6892
18	8	210	7241	2549	6951
18	9	91	7240	2669	6978
18	10	26	7240	2734	7005
18	11	9	7240	2751	7020
18	12	3	7240	2757	7028
18	13	1	7240	2759	7031
18	14	0	7240	2760	7035
19	0	1200	8800	0	0
19	1	1850	8150	0	3176
19	2	2308	7692	0	4844
19	3	2549	7451	0	5799
19	4	2669	7331	0	6344
19	5	1560	7266	1174	6620
19	6	901	7249	1850	6781
19	7	449	7243	2308	6892
19	8	210	7241	2549	6951
19	9	91	7240	2669	6978
19	10	26	7240	2734	7005
19	11	9	7240	2751	7020
19	12	3	7240	2757	7028
19	13	1	7240	2759	7031
19	14	0	7240	2760	7035
20	0	1200	8800	0	0
20	1	1850	8150	0	3176
20	2	2308	7692	0	4844
20	3	2549	7451	0	5799
20	4	2669	7331	0	6344
20	5	1560	7266	1174	6620
20	6	901	7249	1850	6781
20	7	449	7243	2308	6892
20	8	210	7241	2549	6951
20	9	91	7240	2669	6978
20	10	26	7240	2734	7005
20	11	9	7240	2751	7020
20	12	3	7240	2757	7028
20	13	1	7240	2759	7031
20	14	0	7240	2760	7035
1	0	1200	8800	0	0
1	1	1850	8150	0	4694
1	2	2161	7839	0	6488
1	3	2255	7745	0	7115
1	4	2295	7705	0	7348
1	5	1133	7693	1174	7435
1	6	457	7693	1850	7473
1	7	146	7693	2161	7487
1	8	52	7693	2255	7492
1	9	12	7693	2295	7492
1	10	0	7693	2307	7493
2	0	1200	8800	0	0
2	1	1905	8095	0	4525
2	2	2248	7752	0	6426
2	3	2369	7631	0	7053
2	4	2407	7593	0	7268
2	5	1224	7584	1192	7339
2	6	516	7579	1905	7367
2	7	174	7578	2248	7372
2	8	53	7578	2369	7376
2	9	15	7578	2407	7378
2	10	6	7578	2416	7378
2	11	1	7578	2421	7378
2	12	0	7578	2422	7378
3	0	1200	8800	0	0
3	1	1905	8095	0	4525
3	2	2248	7752	0	6426
3	3	2369	7631	0	7053
3	4	2407	7593	0	7268
3	5	1224	7584	1192	7339
3	6	516	7579	1905	7367
3	7	174	7578	2248	7372
3	8	53	7578	2369	7376
3	9	15	7578	2407	7378
3	10	6	7578	2416	7378
3	11	1	7578	2421	7378
3	12	0	7578	2422	7378
4	0	1200	8800	0	0
4	1	1905	8095	0	4525
4	2	2248	7752	0	6426
4	3	2369	7631	0	7053
4	4	2407	7593	0	7268
4	5	1224	7584	1192	7339
4	6	516	7579	1905	7367
4	7	174	7578	2248	7372
4	8	53	7578	2369	7376
4	9	15	7578	2407	7378
4	10	6	7578	2416	7378
4	11	1	7578	2421	7378
4	12	0	7578	2422	7378
5	0	1200	8800	0	0
5	1	1905	8095	0	4525
5	2	2248	7752	0	6426
5	3	2369	7631	0	7053
5	4	2407	7593	0	7268
5	5	1224	7584	1192	7339
5	6	516	7579	1905	7367
5	7	174	7578	2248	7372
5	8	53	7578	2369	7376
5	9	15	7578	2407	7378
5	10	6	7578	2416	7378
5	11	1	7578	2421	7378
5	12	0	7578	2422	7378
6	0	1200	8800	0	0
6	1	1905	8095	0	4525
6	2	2248	7752	0	6426
6	3	2369	7631	0	7053
6	4	2407	7593	0	7268
6	5	1224	7584	1192	7339
6	6	516	7579	1905	7367
6	7	174	7578	2248	7372
6	8	53	7578	2369	7376
6	9	15	7578	2407	7378
6	10	6	7578	2416	7378
6	11	1	7578	2421	7378
6	12	0	7578	2422	7378
7	0	1200	8800	0	0
7	1	1814	8186	0	4841
7	2	2105	7895	0	6626
7	3	2194	7806	0	7214
7	4	2222	7778	0	7435
7	5	1048	7764	1188	7513
7	6	425	7761	1814	7543
7	7	134	7761	2105	7554
7	8	45	7761	2194	7559
7	9	17	7761	2222	7560
7	10	3	7761	2236	7561
7	11	0	7761	2239	7561
8	0	1200	8800	0	0
8	1	1814	8186	0	4841
8	2	2105	7895	0	6626
8	3	2194	7806	0	7214
8	4	2222	7778	0	7435
8	5	1048	7764	1188	7513
8	6	425	7761	1814	7543
8	7	134	7761	2105	7554
8	8	45	7761	2194	7559
8	9	17	7761	2222	7560
8	10	3	7761	2236	7561
8	11	0	7761	2239	7561
9	0	1200	8800	0	0
9	1	1814	8186	0	4841
9	2	2105	7895	0	6626
9	3	2194	7806	0	7214
9	4	2222	7778	0	7435
9	5	1048	7764	1188	7513
9	6	425	7761	1814	7543
9	7	134	7761	2105	7554
9	8	45	7761	2194	7559
9	9	17	7761	2222	7560
9	10	3	7761	2236	7561
9	11	0	7761	2239	7561
10	0	1200	8800	0	0
10	1	1814	8186	0	4841
10	2	2105	7895	0	6626
10	3	2194	7806	0	7214
10	4	2222	7778	0	7435
10	5	1048	7764	1188	7513
10	6	425	7761	1814	7543
10	7	134	7761	2105	7554
10	8	45	7761	2194	7559
10	9	17	7761	2222	7560
10	10	3	7761	2236	7561
10	11	0	7761	2239	7561
11	0	1200	8800	0	0
11	1	1814	8186	0	4841
11	2	2105	7895	0	6626
11	3	2194	7806	0	7214
11	4	2222	7778	0	7435
11	5	1048	7764	1188	7513
11	6	425	7761	1814	7543
11	7	134	7761	2105	7554
11	8	45	7761	2194	7559
11	9	17	7761	2222	7560
11	10	3	7761	2236	7561
11	11	0	7761	2239	7561
12	0	1200	8800	0	0
12	1	1814	8186	0	4841
12	2	2105	7895	0	6626
12	3	2194	7806	0	7214
12	4	2222	7778	0	7435
12	5	1048	7764	1188	7513
12	6	425	7761	1814	7543
12	7	134	7761	2105	7554
12	8	45	7761	2194	7559
12	9	17	7761	2222	7560
12	10	3	7761	2236	7561
12	11	0	7761	2239	7561
13	0	1200	8800	0	0
13	1	1872	8128	0	4721
13	2	2146	7854	0	6400
13	3	2253	7747	0	7100
13	4	2282	7718	0	7348
13	5	1114	7704	1182	7444
13	6	425	7703	1872	7478
13	7	151	7703	2146	7493
13	8	44	7703	2253	7499
13	9	15	7703	2282	7502
13	10	1	7703	2296	7502
13	11	0	7703	2297	7502
14	0	1200	8800	0	0
14	1	1872	8128	0	4721
14	2	2146	7854	0	6400
14	3	2253	7747	0	7100
14	4	2282	7718	0	7348
14	5	1114	7704	1182	7444
14	6	425	7703	1872	7478
14	7	151	7703	2146	7493
14	8	44	7703	2253	7499
14	9	15	7703	2282	7502
14	10	1	7703	2296	7502
14	11	0	7703	2297	7502
15	0	1200	8800	0	0
15	1	1872	8128	0	4721
15	2	2146	7854	0	6400
15	3	2253	7747	0	7100
15	4	2282	7718	0	7348
15	5	1114	7704	1182	7444
15	6	425	7703	1872	7478
15	7	151	7703	2146	7493
15	8	44	7703	2253	7499
15	9	15	7703	2282	7502
15	10	1	7703	2296	7502
15	11	0	7703	2297	7502
16	0	1200	8800	0	0
16	1	1872	8128	0	4721
16	2	2146	7854	0	6400
16	3	2253	7747	0	7100
16	4	2282	7718	0	7348
16	5	1114	7704	1182	7444
16	6	425	7703	1872	7478
16	7	151	7703	2146	7493
16	8	44	7703	2253	7499
16	9	15	7703	2282	7502
16	10	1	7703	2296	7502
16	11	0	7703	2297	7502
17	0	1200	8800	0	0
17	1	1872	8128	0	4721
17	2	2146	7854	0	6400
17	3	2253	7747	0	7100
17	4	2282	7718	0	7348
17	5	1114	7704	1182	7444
17	6	425	7703	1872	7478
17	7	151	7703	2146	7493
17	8	44	7703	2253	7499
17	9	15	7703	2282	7502
17	10	1	7703	2296	7502
17	11	0	7703	2297	7502
18	0	1200	8800	0	0
18	1	1756	8244	0	4693
18	2	2092	7908	0	6573
18	3	2175	7825	0	7224
18	4	2203	7797	0	7454
18	5	1024	7789	1187	7537
18	6	458	7786	1756	7557
18	7	123	7785	2092	7574
18	8	40	7785	2175	7581
18	9	12	7785	2203	7583
18	10	4	7785	2211	7584
18	11	1	7785	2214	7585
18	12	0	7785	2215	7585
19	0	1200	8800	0	0
19	1	1756	8244	0	4693
19	2	2092	7908	0	6573
19	3	2175	7825	0	7224
19	4	2203	7797	0	7454
19	5	1024	7789	1187	7537
19	6	458	7786	1756	7557
19	7	123	7785	2092	7574
19	8	40	7785	2175	7581
19	9	12	7785	2203	7583
19	10	4	7785	2211	7584
19	11	1	7785	2214	7585
19	12	0	7785	2215	7585
20	0	1200	8800	0	0
20	1	1756	8244	0	4693
20	2	2092	7908	0	6573
20	3	2175	7825	0	7224
20	4	2203	7797	0	7454
20	5	1024	7789	1187	7537
20	6	458	7786	1756	7557
20	7	123	7785	2092	7574
20	8	40	7785	2175	7581
20	9	12	7785	2203	7583
20	10	4	7785	2211	7584
20	11	1	7785	2214	7585
20	12	0	7785	2215	7585
1	0	1200	8800	0	0
1	1	1756	8244	0	6344
1	2	1914	8086	0	7615
1	3	1938	8062	0	7812
1	4	1939	8061	0	7856
1	5	752	8061	1187	7861
1	6	183	8061	1756	7861
1	7	25	8061	1914	7861
1	8	1	8061	1938	7861
1	9	0	8061	1939	7861
2	0	1200	8800	0	0
2	1	1756	8244	0	6344
2	2	1914	8086	0	7615
2	3	1938	8062	0	7812
2	4	1939	8061	0	7856
2	5	752	8061	1187	7861
2	6	183	8061	1756	7861
2	7	25	8061	1914	7861
2	8	1	8061	1938	7861
2	9	0	8061	1939	7861
3	0	1200	8800	0	0
3	1	1756	8244	0	6344
3	2	1914	8086	0	7615
3	3	1938	8062	0	7812
3	4	1939	8061	0	7856
3	5	752	8061	1187	7861
3	6	183	8061	1756	7861
3	7	25	8061	1914	7861
3	8	1	8061	1938	7861
3	9	0	8061	1939	7861
4	0	1200	8800	0	0
4	1	1896	8104	0	6337
4	2	2029	7971	0	7499
4	3	2056	7944	0	7691
4	4	2058	7942	0	7736
4	5	878	7942	1180	7741
4	6	162	7942	1896	7742
4	7	29	7942	2029	7742
4	8	2	7942	2056	7742
4	9	0	7942	2058	7742
5	0	1200	8800	0	0
5	1	1896	8104	0	6337
5	2	2029	7971	0	7499
5	3	2056	7944	0	7691
5	4	2058	7942	0	7736
5	5	878	7942	1180	7741
5	6	162	7942	1896	7742
5	7	29	7942	2029	7742
5	8	2	7942	2056	7742
5	9	0	7942	2058	7742
6	0	1200	8800	0	0
6	1	1896	8104	0	6337
6	2	2029	7971	0	7499
6	3	2056	7944	0	7691
6	4	2058	7942	0	7736
6	5	878	7942	1180	7741
6	6	162	7942	1896	7742
6	7	29	7942	2029	7742
6	8	2	7942	2056	7742
6	9	0	7942	2058	7742
7	0	1200	8800	0	0
7	1	1896	8104	0	6337
7	2	2029	7971	0	7499
7	3	2056	7944	0	7691
7	4	2058	7942	0	7736
7	5	878	7942	1180	7741
7	6	162	7942	1896	7742
7	7	29	7942	2029	7742
7	8	2	7942	2056	7742
7	9	0	7942	2058	7742
8	0	1200	8800	0	0
8	1	1896	8104	0	6337
8	2	2029	7971	0	7499
8	3	2056	7944	0	7691
8	4	2058	7942	0	7736
8	5	878	7942	1180	7741
8	6	162	7942	1896	7742
8	7	29	7942	2029	7742
8	8	2	7942	2056	7742
8	9	0	7942	2058	7742
9	0	1200	8800	0	0
9	1	1862	8138	0	6383
9	2	1991	8009	0	7542
9	3	2018	7982	0	7733
9	4	2022	7978	0	7769
9	5	839	7978	1183	7778
9	6	160	7978	1862	7778
9	7	31	7978	1991	7778
9	8	4	7978	2018	7778
9	9	0	7978	2022	7778
10	0	1200	8800	0	0
10	1	1862	8138	0	6383
10	2	1991	8009	0	7542
10	3	2018	7982	0	7733
10	4	2022	7978	0	7769
10	5	839	7978	1183	7778
10	6	160	7978	1862	7778
10	7	31	7978	1991	7778
10	8	4	7978	2018	7778
10	9	0	7978	2022	7778
11	0	1200	8800	0	0
11	1	1862	8138	0	6383
11	2	1991	8009	0	7542
11	3	2018	7982	0	7733
11	4	2022	7978	0	7769
11	5	839	7978	1183	7778
11	6	160	7978	1862	7778
11	7	31	7978	1991	7778
11	8	4	7978	2018	7778
11	9	0	7978	2022	7778
12	0	1200	8800	0	0
12	1	1862	8138	0	6383
12	2	1991	8009	0	7542
12	3	2018	7982	0	7733
12	4	2022	7978	0	7769
12	5	839	7978	1183	7778
12	6	160	7978	1862	7778
12	7	31	7978	1991	7778
12	8	4	7978	2018	7778
12	9	0	7978	2022	7778
13	0	1200	8800	0	0
13	1	1862	8138	0	6383
13	2	1991	8009	0	7542
13	3	2018	7982	0	7733
13	4	2022	7978	0	7769
13	5	839	7978	1183	7778
13	6	160	7978	1862	7778
13	7	31	7978	1991	7778
13	8	4	7978	2018	7778
13	9	0	7978	2022	7778
14	0	1200	8800	0	0
14	1	1862	8138	0	6383
14	2	1991	8009	0	7542
14	3	2018	7982	0	7733
14	4	2022	7978	0	7769
14	5	839	7978	1183	7778
14	6	160	7978	1862	7778
14	7	31	7978	1991	7778
14	8	4	7978	2018	7778
14	9	0	7978	2022	7778
15	0	1200	8800	0	0
15	1	1709	8291	0	6312
15	2	1829	8171	0	7673
15	3	1839	8161	0	7912
15	4	1844	8156	0	7944
15	5	665	8156	1179	7954
15	6	135	8156	1709	7955
15	7	15	8156	1829	7956
15	8	5	8156	1839	7956
15	9	0	8156	1844	7956
16	0	1200	8800	0	0
16	1	1709	8291	0	6312
16	2	1829	8171	0	7673
16	3	1839	8161	0	7912
16	4	1844	8156	0	7944
16	5	665	8156	1179	7954
16	6	135	8156	1709	7955
16	7	15	8156	1829	7956
16	8	5	8156	1839	7956
16	9	0	8156	1844	7956
17	0	1200	8800	0	0
17	1	1709	8291	0	6312
17	2	1829	8171	0	7673
17	3	1839	8161	0	7912
17	4	1844	8156	0	7944
17	5	665	8156	1179	7954
17	6	135	8156	1709	7955
17	7	15	8156	1829	7956
17	8	5	8156	1839	7956
17	9	0	8156	1844	7956
18	0	1200	8800	0	0
18	1	1709	8291	0	6312
18	2	1829	8171	0	7673
18	3	1839	8161	0	7912
18	4	1844	8156	0	7944
18	5	665	8156	1179	7954
18	6	135	8156	1709	7955
18	7	15	8156	1829	7956
18	8	5	8156	1839	7956
18	9	0	8156	1844	7956
19	0	1200	8800	0	0
19	1	1709	8291	0	6312
19	2	1829	8171	0	7673
19	3	1839	8161	0	7912
19	4	1844	8156	0	7944
19	5	665	8156	1179	7954
19	6	135	8156	1709	7955
19	7	15	8156	1829	7956
19	8	5	8156	1839	7956
19	9	0	8156	1844	7956
20	0	1200	8800	0	0
20	1	1810	8190	0	6404
20	2	1949	8051	0	7576
20	3	1968	8032	0	7775
20	4	1977	8023	0	7812
20	5	787	8023	1190	7820
20	6	167	8023	1810	7822
20	7	28	8023	1949	7823
20	8	9	8023	1968	7823
20	9	0	8023	1977	7823
1	0	1200	8800	0	0
1	1	1810	8190	0	7990
1	2	1810	8190	0	7990
1	3	1810	8190	0	7990
1	4	1810	8190	0	7990
1	5	620	8190	1190	7990
1	6	0	8190	1810	7990
2	0	1200	8800	0	0
2	1	1810	8190	0	7990
2	2	1810	8190	0	7990
2	3	1810	8190	0	7990
2	4	1810	8190	0	7990
2	5	620	8190	1190	7990
2	6	0	8190	1810	7990
3	0	1200	8800	0	0
3	1	1810	8190	0	7990
3	2	1810	8190	0	7990
3	3	1810	8190	0	7990
3	4	1810	8190	0	7990
3	5	620	8190	1190	7990
3	6	0	8190	1810	7990
4	0	1200	8800	0	0
4	1	1810	8190	0	7990
4	2	1810	8190	0	7990
4	3	1810	8190	0	7990
4	4	1810	8190	0	7990
4	5	620	8190	1190	7990
4	6	0	8190	1810	7990
5	0	1200	8800	0	0
5	1	1810	8190	0	7990
5	2	1810	8190	0	7990
5	3	1810	8190	0	7990
5	4	1810	8190	0	7990
5	5	620	8190	1190	7990
5	6	0	8190	1810	7990
6	0	1200	8800	0	0
6	1	1732	8268	0	8068
6	2	1732	8268	0	8068
6	3	1732	8268	0	8068
6	4	1732	8268	0	8068
6	5	532	8268	1200	8068
6	6	0	8268	1732	8068
7	0	1200	8800	0	0
7	1	1732	8268	0	8068
7	2	1732	8268	0	8068
7	3	1732	8268	0	8068
7	4	1732	8268	0	8068
7	5	532	8268	1200	8068
7	6	0	8268	1732	8068
8	0	1200	8800	0	0
8	1	1732	8268	0	8068
8	2	1732	8268	0	8068
8	3	1732	8268	0	8068
8	4	1732	8268	0	8068
8	5	532	8268	1200	8068
8	6	0	8268	1732	8068
9	0	1200	8800	0	0
9	1	1732	8268	0	8068
9	2	1732	8268	0	8068
9	3	1732	8268	0	8068
9	4	1732	8268	0	8068
9	5	532	8268	1200	8068
9	6	0	8268	1732	8068
10	0	1200	8800	0	0
10	1	1732	8268	0	8068
10	2	1732	8268	0	8068
10	3	1732	8268	0	8068
10	4	1732	8268	0	8068
10	5	532	8268	1200	8068
10	6	0	8268	1732	8068
11	0	1200	8800	0	0
11	1	1732	8268	0	8068
11	2	1732	8268	0	8068
11	3	1732	8268	0	8068
11	4	1732	8268	0	8068
11	5	532	8268	1200	8068
11	6	0	8268	1732	8068
12	0	1200	8800	0	0
12	1	1770	8230	0	8030
12	2	1770	8230	0	8030
12	3	1770	8230	0	8030
12	4	1770	8230	0	8030
12	5	603	8230	1167	8030
12	6	0	8230	1770	8030
13	0	1200	8800	0	0
13	1	1770	8230	0	8030
13	2	1770	8230	0	8030
13	3	1770	8230	0	8030
13	4	1770	8230	0	8030
13	5	603	8230	1167	8030
13	6	0	8230	1770	8030
14	0	1200	8800	0	0
14	1	1770	8230	0	8030
14	2	1770	8230	0	8030
14	3	1770	8230	0	8030
14	4	1770	8230	0	8030
14	5	603	8230	1167	8030
14	6	0	8230	1770	8030
15	0	1200	8800	0	0
15	1	1770	8230	0	8030
15	2	1770	8230	0	8030
15	3	1770	8230	0	8030
15	4	1770	8230	0	8030
15	5	603	8230	1167	8030
15	6	0	8230	1770	8030
16	0	1200	8800	0	0
16	1	1770	8230	0	8030
16	2	1770	8230	0	8030
16	3	1770	8230	0	8030
16	4	1770	8230	0	8030
16	5	603	8230	1167	8030
16	6	0	8230	1770	8030
17	0	1200	8800	0	0
17	1	1719	8281	0	8081
17	2	1719	8281	0	8081
17	3	1719	8281	0	8081
17	4	1719	8281	0	8081
17	5	562	8281	1157	8081
17	6	0	8281	1719	8081
18	0	1200	8800	0	0
18	1	1719	8281	0	8081
18	2	1719	8281	0	8081
18	3	1719	8281	0	8081
18	4	1719	8281	0	8081
18	5	562	8281	1157	8081
18	6	0	8281	1719	8081
19	0	1200	8800	0	0
19	1	1719	8281	0	8081
19	2	1719	8281	0	8081
19	3	1719	8281	0	8081
19	4	1719	8281	0	8081
19	5	562	8281	1157	8081
19	6	0	8281	1719	8081
20	0	1200	8800	0	0
20	1	1719	8281	0	8081
20	2	1719	8281	0	8081
20	3	1719	8281	0	8081
20	4	1719	8281	0	8081
20	5	562	8281	1157	8081
20	6	0	8281	1719	8081
